999
LibreDWG 0.14.8547
  0
SECTION
  2
HEADER
  9
$ACADVER
  1
AC1027
  9
$ACADMAINTVER
 70
     8
  9
$DWGCODEPAGE
  3
ANSI_1256
  9
$LASTSAVEDBY
  1
kanya
  9
$REQUIREDVERSIONS
160
           0
  9
$INSBASE
 10
0.0
 20
0.0
 30
0.0
  9
$EXTMIN
 10
623728.8847606761
 20
3870687.205820738
 30
-0.1012945348629728
  9
$EXTMAX
 10
623764.6865559981
 20
3870720.508353719
 30
1659.407050416176
  9
$LIMMIN
 10
623731.0645615591
 20
3870681.930369697
  9
$LIMMAX
 10
623770.8014313376
 20
3870719.246070631
  9
$ORTHOMODE
 70
     0
  9
$REGENMODE
 70
     1
  9
$FILLMODE
 70
     1
  9
$QTEXTMODE
 70
     0
  9
$MIRRTEXT
 70
     1
  9
$LTSCALE
 40
1.0
  9
$ATTMODE
 70
     1
  9
$TEXTSIZE
 40
2.5
  9
$TRACEWID
 40
0.05
  9
$TEXTSTYLE
  7
Standard
  9
$CLAYER
  8
0
  9
$CELTYPE
  6
ByBlock
  9
$CECOLOR
 62
     0
  9
$CELTSCALE
 40
1.0
  9
$DISPSILH
 70
     0
  9
$DIMSCALE
 40
1.0
  9
$DIMASZ
 40
0.18
  9
$DIMEXO
 40
0.0625
  9
$DIMDLI
 40
0.38
  9
$DIMRND
 40
0.0
  9
$DIMDLE
 40
0.0
  9
$DIMEXE
 40
1.25
  9
$DIMTP
 40
0.0
  9
$DIMTM
 40
0.0
  9
$DIMTXT
 40
0.7
  9
$DIMCEN
 40
0.09
  9
$DIMTSZ
 40
0.0
  9
$DIMTOL
 70
     0
  9
$DIMLIM
 70
     0
  9
$DIMTIH
 70
     1
  9
$DIMTOH
 70
     1
  9
$DIMSE1
 70
     1
  9
$DIMSE2
 70
     1
  9
$DIMTAD
 70
     0
  9
$DIMZIN
 70
     0
  9
$DIMBLK
  1

  9
$DIMASO
 70
     1
  9
$DIMSHO
 70
     1
  9
$DIMPOST
  1

  9
$DIMAPOST
  1

  9
$DIMALT
 70
     0
  9
$DIMALTD
 70
     2
  9
$DIMALTF
 40
25.4
  9
$DIMLFAC
 40
1.0
  9
$DIMTOFL
 70
     0
  9
$DIMTVP
 40
0.0
  9
$DIMTIX
 70
     1
  9
$DIMSOXD
 70
     0
  9
$DIMSAH
 70
     0
  9
$DIMBLK1
  1

  9
$DIMBLK2
  1

  9
$DIMSTYLE
  2
Standard
  9
$DIMCLRD
 70
     0
  9
$DIMCLRE
 70
     0
  9
$DIMCLRT
 70
     0
  9
$DIMTFAC
 40
1.0
  9
$DIMGAP
 40
0.09
  9
$DIMJUST
 70
     0
  9
$DIMSD1
 70
     1
  9
$DIMSD2
 70
     1
  9
$DIMTOLJ
 70
     1
  9
$DIMTZIN
 70
     0
  9
$DIMALTZ
 70
     0
  9
$DIMALTTZ
 70
     0
  9
$DIMUPT
 70
     0
  9
$DIMDEC
 70
     2
  9
$DIMTDEC
 70
     2
  9
$DIMALTU
 70
     2
  9
$DIMALTTD
 70
     2
  9
$DIMTXSTY
  7
Standard
  9
$DIMAUNIT
 70
     0
  9
$DIMADEC
 70
     0
  9
$DIMALTRND
 40
0.0
  9
$DIMAZIN
 70
     0
  9
$DIMDSEP
 70
    46
  9
$DIMATFIT
 70
     3
  9
$DIMFRAC
 70
     0
  9
$DIMLDRBLK
  1

  9
$DIMLUNIT
 70
     2
  9
$DIMLWD
 70
    -2
  9
$DIMLWE
 70
    -2
  9
$DIMTMOVE
 70
     0
  9
$DIMFXL
 40
1.0
  9
$DIMFXLON
 70
     0
  9
$DIMJOGANG
 40
0.7853981633974483
  9
$DIMTFILL
 70
     0
  9
$DIMTFILLCLR
 70
     0
  9
$DIMARCSYM
 70
     0
  9
$DIMLTYPE
  6

  9
$DIMLTEX1
  6

  9
$DIMLTEX2
  6

  9
$DIMTXTDIRECTION
 70
     0
  9
$LUNITS
 70
     2
  9
$LUPREC
 70
     4
  9
$AXISMODE
 70
     0
  9
$AXISUNIT
 10
0.0
 20
0.0
  9
$SKETCHINC
 40
0.1
  9
$FILLETRAD
 40
0.0
  9
$AUNITS
 70
     0
  9
$AUPREC
 70
     0
  9
$MENU
  1
.
  9
$ELEVATION
 40
0.0
  9
$PELEVATION
 40
0.0
  9
$THICKNESS
 40
0.0
  9
$LIMCHECK
 70
     0
  9
$CHAMFERA
 40
0.0
  9
$CHAMFERB
 40
0.0
  9
$CHAMFERC
 40
0.0
  9
$CHAMFERD
 40
0.0
  9
$SKPOLY
 70
     0
  9
$TDCREATE
 40
2453737.378000000
  9
$TDUCREATE
 40
2453737.306000000
  9
$TDUPDATE
 40
2460995.302111820
  9
$TDUUPDATE
 40
2460995.230111820
  9
$TDINDWG
 40
0.043498100
  9
$TDUSRTIMER
 40
0.043498100
  9
$USRTIMER
 70
     1
  9
$ANGBASE
 50
0.0
  9
$ANGDIR
 70
     0
  9
$PDMODE
 70
     3
  9
$PDSIZE
 40
0.0
  9
$PLINEWID
 40
0.0
  9
$SPLFRAME
 70
     0
  9
$SPLINETYPE
 70
     6
  9
$SPLINESEGS
 70
     8
  9
$HANDSEED
  5
333
  9
$SURFTAB1
 70
     6
  9
$SURFTAB2
 70
     6
  9
$SURFTYPE
 70
     6
  9
$SURFU
 70
     6
  9
$SURFV
 70
     6
  9
$UCSBASE
  2

  9
$UCSORG
 10
0.0
 20
0.0
 30
0.0
  9
$UCSXDIR
 10
1.0
 20
0.0
 30
0.0
  9
$UCSYDIR
 10
0.0
 20
1.0
 30
0.0
  9
$UCSORTHOREF
  2

  9
$UCSORTHOVIEW
 70
     0
  9
$UCSORGTOP
 10
0.0
 20
0.0
 30
0.0
  9
$UCSORGBOTTOM
 10
0.0
 20
0.0
 30
0.0
  9
$UCSORGLEFT
 10
0.0
 20
0.0
 30
0.0
  9
$UCSORGRIGHT
 10
0.0
 20
0.0
 30
0.0
  9
$UCSORGFRONT
 10
0.0
 20
0.0
 30
0.0
  9
$UCSORGBACK
 10
0.0
 20
0.0
 30
0.0
  9
$PUCSBASE
  2

  9
$PUCSORG
 10
0.0
 20
0.0
 30
0.0
  9
$PUCSXDIR
 10
1.0
 20
0.0
 30
0.0
  9
$PUCSYDIR
 10
0.0
 20
1.0
 30
0.0
  9
$PUCSORTHOREF
  2

  9
$PUCSORTHOVIEW
 70
     0
  9
$PUCSORGTOP
 10
0.0
 20
0.0
 30
0.0
  9
$PUCSORGBOTTOM
 10
0.0
 20
0.0
 30
0.0
  9
$PUCSORGLEFT
 10
0.0
 20
0.0
 30
0.0
  9
$PUCSORGRIGHT
 10
0.0
 20
0.0
 30
0.0
  9
$PUCSORGFRONT
 10
0.0
 20
0.0
 30
0.0
  9
$PUCSORGBACK
 10
0.0
 20
0.0
 30
0.0
  9
$USERI1
 70
     0
  9
$USERI2
 70
     0
  9
$USERI3
 70
     0
  9
$USERI4
 70
     0
  9
$USERI5
 70
     0
  9
$USERR1
 40
0.0
  9
$USERR2
 40
0.0
  9
$USERR3
 40
0.0
  9
$USERR4
 40
0.0
  9
$USERR5
 40
0.0
  9
$WORLDVIEW
 70
     1
  9
$SHADEDGE
 70
     3
  9
$SHADEDIF
 70
    70
  9
$TILEMODE
 70
     1
  9
$MAXACTVP
 70
    64
  9
$PINSBASE
 10
0.0
 20
0.0
 30
0.0
  9
$PLIMCHECK
 70
     0
  9
$PEXTMIN
 10
1E+20
 20
1E+20
 30
1E+20
  9
$PEXTMAX
 10
-1E+20
 20
-1E+20
 30
-1E+20
  9
$PLIMMIN
 10
0.0
 20
0.0
  9
$PLIMMAX
 10
12.0
 20
9.0
  9
$UNITMODE
 70
     0
  9
$VISRETAIN
 70
     1
  9
$PLINEGEN
 70
     0
  9
$PSLTSCALE
 70
     1
  9
$TREEDEPTH
 70
  3020
  9
$CMLSTYLE
  2
S
  9
$CMLJUST
 70
     0
  9
$CMLSCALE
 40
1.0
  9
$PROXYGRAPHICS
 70
     1
  9
$MEASUREMENT
 70
     0
  9
$CELWEIGHT
370
    -2
  9
$ENDCAPS
280
     0
  9
$JOINSTYLE
280
     0
  9
$LWDISPLAY
290
     0
  9
$INSUNITS
 70
     6
  9
$HYPERLINKBASE
  1

  9
$STYLESHEET
  1

  9
$XEDIT
290
     1
  9
$CEPSNTYPE
380
     0
  9
$PSTYLEMODE
290
     1
  9
$FINGERPRINTGUID
  2
{74f63778-3173-6565-e578-f378f4793677}
  9
$VERSIONGUID
  2
{CA25D316-A373-4920-8AAB-ABC0B1B133AF}
  9
$EXTNAMES
290
     1
  9
$PSVPSCALE
 40
0.0
  9
$OLESTARTUP
290
     0
  9
$SORTENTS
280
   127
  9
$INDEXCTL
280
     0
  9
$HIDETEXT
280
     1
  9
$XCLIPFRAME
280
     2
  9
$HALOGAP
280
     0
  9
$OBSCOLOR
 70
   257
  9
$OBSLTYPE
280
     0
  9
$INTERSECTIONDISPLAY
280
     0
  9
$INTERSECTIONCOLOR
 70
   257
  9
$DIMASSOC
280
     1
  9
$PROJECTNAME
  1

  9
$CAMERADISPLAY
290
     0
  9
$LENSLENGTH
 40
50.0
  9
$CAMERAHEIGHT
 40
0.0
  9
$STEPSPERSEC
 40
2.0
  9
$STEPSIZE
 40
6.0
  9
$3DDWFPREC
 40
2.0
  9
$PSOLWIDTH
 40
0.25
  9
$PSOLHEIGHT
 40
4.0
  9
$LOFTANG1
 40
1.570796326794897
  9
$LOFTANG2
 40
1.570796326794897
  9
$LOFTMAG1
 40
0.0
  9
$LOFTMAG2
 40
0.0
  9
$LOFTPARAM
 70
     7
  9
$LOFTNORMALS
280
     1
  9
$LATITUDE
 40
37.795
  9
$LONGITUDE
 40
-122.394
  9
$NORTHDIRECTION
 40
0.0
  9
$TIMEZONE
 70
 -8000
  9
$LIGHTGLYPHDISPLAY
280
     1
  9
$TILEMODELIGHTSYNCH
280
     1
  9
$CMATERIAL
347
44
  9
$SOLIDHIST
280
     0
  9
$SHOWHIST
280
     1
  9
$DWFFRAME
280
     2
  9
$DGNFRAME
280
     2
  9
$REALWORLDSCALE
290
     1
  9
$INTERFERECOLOR
 62
     0
  9
$INTERFEREOBJVS
345
33
  9
$INTERFEREVPVS
346
30
  9
$CSHADOW
280
     0
  9
$SHADOWPLANELOCATION
 40
0.0
  0
ENDSEC
  0
SECTION
  2
CLASSES
  0
CLASS
  1
ACDBDICTIONARYWDFLT
  2
AcDbDictionaryWithDefault
  3
ObjectDBX Classes
 90
        0
 91
        1
280
     0
281
     0
  0
CLASS
  1
VISUALSTYLE
  2
AcDbVisualStyle
  3
ObjectDBX Classes
 90
     4095
 91
       24
280
     0
281
     0
  0
CLASS
  1
MATERIAL
  2
AcDbMaterial
  3
ObjectDBX Classes
 90
     1153
 91
        3
280
     0
281
     0
  0
CLASS
  1
SCALE
  2
AcDbScale
  3
ObjectDBX Classes
 90
     1153
 91
       17
280
     0
281
     0
  0
CLASS
  1
TABLESTYLE
  2
AcDbTableStyle
  3
ObjectDBX Classes
 90
     4095
 91
        1
280
     0
281
     0
  0
CLASS
  1
MLEADERSTYLE
  2
AcDbMLeaderStyle
  3
ACDB_MLEADERSTYLE_CLASS
 90
     4095
 91
        1
280
     0
281
     0
  0
CLASS
  1
SUN
  2
AcDbSun
  3
SCENEOE
 90
     1153
 91
        1
280
     0
281
     0
  0
CLASS
  1
DICTIONARYVAR
  2
AcDbDictionaryVar
  3
ObjectDBX Classes
 90
        0
 91
        7
280
     0
281
     0
  0
CLASS
  1
CELLSTYLEMAP
  2
AcDbCellStyleMap
  3
ObjectDBX Classes
 90
     1152
 91
        0
280
     0
281
     0
  0
CLASS
  1
ACDBSECTIONVIEWSTYLE
  2
AcDbSectionViewStyle
  3
ObjectDBX Classes
 90
     1025
 91
        1
280
     0
281
     0
  0
CLASS
  1
ACDBDETAILVIEWSTYLE
  2
AcDbDetailViewStyle
  3
ObjectDBX Classes
 90
     1025
 91
        1
280
     0
281
     0
  0
CLASS
  1
DIMASSOC
  2
AcDbDimAssoc
  3
"AcDbDimAssoc|Product Desc:     AcDim ARX App For Dimension|Company:          Autodesk, Inc.|WEB Address:      www.autodesk.com"
 90
        0
 91
        0
280
     0
281
     0
  0
CLASS
  1
SORTENTSTABLE
  2
AcDbSortentsTable
  3
ObjectDBX Classes
 90
        0
 91
        1
280
     0
281
     0
  0
ENDSEC
  0
SECTION
  2
TABLES
  0
TABLE
  2
VPORT
  5
8
330
0
100
AcDbSymbolTable
 70
     1
  0
VPORT
  5
29
330
8
100
AcDbSymbolTableRecord
100
AcDbViewportTableRecord
  2
*Active
 70
     0
 10
0.0
 20
0.0
 11
1.0
 21
1.0
 12
623746.7856583371
 22
3870703.857087228
 13
0.0
 23
0.0
 14
10.0
 24
10.0
 15
10.0
 25
10.0
 16
0.0
 26
0.0
 36
1.0
 17
0.0
 27
0.0
 37
0.0
 40
33.72319655492902
 41
2.742616033755274
 42
50.0
 43
0.0
 44
0.0
 50
0.0
 51
0.0
 71
     0
 72
   100
 73
     1
 74
     3
 75
     0
 76
     0
 77
     0
 78
     0
281
     0
 65
     1
110
0.0
120
0.0
130
0.0
111
1.0
121
0.0
131
0.0
112
0.0
122
1.0
132
0.0
 79
     0
146
0.0
348
2F
 60
     3
 61
     5
292
     1
282
     1
141
0.0
142
0.0
 63
   250
361
5D
1001
ACAD_NAV_VCDISPLAY
1070
     3
  0
ENDTAB
  0
TABLE
  2
LTYPE
  5
5
330
0
100
AcDbSymbolTable
 70
    10
  0
LTYPE
  5
14
330
5
100
AcDbSymbolTableRecord
100
AcDbLinetypeTableRecord
  2
ByBlock
 70
     0
  3
Continuous
 72
    65
 73
     0
 40
0.0
  0
LTYPE
  5
15
330
5
100
AcDbSymbolTableRecord
100
AcDbLinetypeTableRecord
  2
ByLayer
 70
     0
  3
Continuous
 72
    65
 73
     0
 40
0.0
  0
LTYPE
  5
16
330
5
100
AcDbSymbolTableRecord
100
AcDbLinetypeTableRecord
  2
Continuous
 70
     0
  3
Solid line
 72
    65
 73
     0
 40
0.0
  0
LTYPE
  5
5F
330
5
100
AcDbSymbolTableRecord
100
AcDbLinetypeTableRecord
  2
ACAD_ISO02W100
 70
     0
  3
定制线型
 72
    65
 73
     2
 40
1.0
 49
12.0
 74
     0
 49
-3.0
 74
     0
  0
LTYPE
  5
60
330
5
100
AcDbSymbolTableRecord
100
AcDbLinetypeTableRecord
  2
ACAD_ISO03W100
 70
     0
  3
定制线型
 72
    65
 73
     2
 40
1.0
 49
12.0
 74
     0
 49
-18.0
 74
     0
  0
LTYPE
  5
61
330
5
100
AcDbSymbolTableRecord
100
AcDbLinetypeTableRecord
  2
ACAD_ISO04W100
 70
     0
  3
定制线型
 72
    65
 73
     4
 40
1.0
 49
24.0
 74
     0
 49
-3.0
 74
     0
 49
1E-10
 74
     0
 49
-3.0
 74
     0
  0
LTYPE
  5
62
330
5
100
AcDbSymbolTableRecord
100
AcDbLinetypeTableRecord
  2
ACAD_ISO05W100
 70
     0
  3
定制线型
 72
    65
 73
     6
 40
1.0
 49
24.0
 74
     0
 49
-3.0
 74
     0
 49
1E-10
 74
     0
 49
-3.0
 74
     0
 49
1E-10
 74
     0
 49
-3.0
 74
     0
  0
LTYPE
  5
63
330
5
100
AcDbSymbolTableRecord
100
AcDbLinetypeTableRecord
  2
ACAD_ISO06W100
 70
     0
  3
定制线型
 72
    65
 73
     8
 40
1.0
 49
24.0
 74
     0
 49
-3.0
 74
     0
 49
1E-10
 74
     0
 49
-3.0
 74
     0
 49
1E-10
 74
     0
 49
-3.0
 74
     0
 49
1E-10
 74
     0
 49
-3.0
 74
     0
  0
LTYPE
  5
64
330
5
100
AcDbSymbolTableRecord
100
AcDbLinetypeTableRecord
  2
CENTER
 70
     0
  3
定制线型
 72
    65
 73
     4
 40
1.0
 49
1.000000014901161
 74
     0
 49
-0.5000000074505806
 74
     0
 49
3.000000044703484
 74
     0
 49
-0.5000000074505806
 74
     0
  0
LTYPE
  5
65
330
5
100
AcDbSymbolTableRecord
100
AcDbLinetypeTableRecord
  2
DASHED
 70
     0
  3
定制线型
 72
    65
 73
     2
 40
1.0
 49
2.000000029802322
 74
     0
 49
-0.800000011920929
 74
     0
  0
LTYPE
  5
66
330
5
100
AcDbSymbolTableRecord
100
AcDbLinetypeTableRecord
  2
DOT
 70
     0
  3
定制线型
 72
    65
 73
     2
 40
1.0
 49
0.4000000059604645
 74
     0
 49
-0.4000000059604645
 74
     0
  0
LTYPE
  5
BB
330
5
100
AcDbSymbolTableRecord
100
AcDbLinetypeTableRecord
  2
PHANTOM2
 70
     0
  3
Phantom (.5x) ___ _ _ ___ _ _ ___ _ _ ___ _ _
 72
    65
 73
     6
 40
1.25
 49
0.625
 74
     0
 49
-0.125
 74
     0
 49
0.125
 74
     0
 49
-0.125
 74
     0
 49
0.125
 74
     0
 49
-0.125
 74
     0
  0
ENDTAB
  0
TABLE
  2
LAYER
  5
2
102
{ACAD_XDICTIONARY
360
214
102
}
330
0
100
AcDbSymbolTable
 70
     3
  0
LAYER
  5
10
102
{ACAD_XDICTIONARY
360
27A
102
}
330
2
100
AcDbSymbolTableRecord
100
AcDbLayerTableRecord
  2
0
 70
     0
 62
     7
  6
Continuous
370
   100
390
F
347
46
348
0
  0
LAYER
  5
67
102
{ACAD_XDICTIONARY
360
27C
102
}
330
2
100
AcDbSymbolTableRecord
100
AcDbLayerTableRecord
  2
SurveyPoint
 70
     0
 62
     5
  6
Continuous
390
F
347
46
348
0
  0
LAYER
  5
2C2
330
2
100
AcDbSymbolTableRecord
100
AcDbLayerTableRecord
  2
Defpoints
 70
     0
 62
     7
  6
Continuous
290
     0
370
    -3
390
F
347
46
348
0
  0
ENDTAB
  0
TABLE
  2
STYLE
  5
3
330
0
100
AcDbSymbolTable
 70
     2
  0
STYLE
  5
11
330
3
100
AcDbSymbolTableRecord
100
AcDbTextStyleTableRecord
  2
Standard
 70
     0
 40
0.7
 41
1.0
 50
0.0
 71
     0
 42
2.5
  3
arial.ttf
  4

1001
ACAD
1000
Arial
1071
       34
  0
STYLE
  5
5E
330
3
100
AcDbSymbolTableRecord
100
AcDbTextStyleTableRecord
  2
mxcadcommenttextstyle
 70
     0
 40
0.0
 41
1.0
 50
0.0
 71
     0
 42
1.0
  3
txt.shx
  4
hztxt.shx
  0
ENDTAB
  0
TABLE
  2
VIEW
  5
6
330
0
100
AcDbSymbolTable
 70
     0
  0
ENDTAB
  0
TABLE
  2
UCS
  5
7
330
0
100
AcDbSymbolTable
 70
     0
  0
ENDTAB
  0
TABLE
  2
APPID
  5
9
330
0
100
AcDbSymbolTable
 70
     9
  0
APPID
  5
12
330
9
100
AcDbSymbolTableRecord
100
AcDbRegAppTableRecord
  2
ACAD
 70
     0
  0
APPID
  5
69
330
9
100
AcDbSymbolTableRecord
100
AcDbRegAppTableRecord
  2
Mx5A347595-AE13-47C0-A5CD-458388691E2F
 70
     0
  0
APPID
  5
B1
330
9
100
AcDbSymbolTableRecord
100
AcDbRegAppTableRecord
  2
ACAD_MLEADERVER
 70
     0
  0
APPID
  5
209
330
9
100
AcDbSymbolTableRecord
100
AcDbRegAppTableRecord
  2
ACAD_NAV_VCDISPLAY
 70
     0
  0
APPID
  5
210
330
9
100
AcDbSymbolTableRecord
100
AcDbRegAppTableRecord
  2
ACAD_PSEXT
 70
     0
  0
APPID
  5
211
330
9
100
AcDbSymbolTableRecord
100
AcDbRegAppTableRecord
  2
AcadAnnotative
 70
     0
  0
APPID
  5
212
330
9
100
AcDbSymbolTableRecord
100
AcDbRegAppTableRecord
  2
ACAD_DSTYLE_DIMJAG
 70
     0
  0
APPID
  5
213
330
9
100
AcDbSymbolTableRecord
100
AcDbRegAppTableRecord
  2
ACAD_DSTYLE_DIMTALN
 70
     0
  0
APPID
  5
2C0
330
9
100
AcDbSymbolTableRecord
100
AcDbRegAppTableRecord
  2
AcadAnnoPO
 70
     0
  0
ENDTAB
  0
TABLE
  2
DIMSTYLE
  5
A
330
0
100
AcDbSymbolTable
 70
     4
100
AcDbDimStyleTable
 71
     1
340
27
  0
DIMSTYLE
105
27
102
{ACAD_REACTORS
330
2C1
330
2D6
330
2DE
330
2E6
330
2EE
330
2F6
330
2FE
330
306
330
30E
102
}
330
A
100
AcDbSymbolTableRecord
100
AcDbDimStyleTableRecord
  2
Standard
 70
     0
 41
0.18
 42
0.0625
 43
0.38
 44
1.25
 49
1.0
 50
45.0
 70
     0
 73
     1
 74
     1
 75
     1
 76
     1
140
0.7
141
0.09
143
25.4
144
1.0
146
1.0
147
0.09
171
     2
174
     1
176
-1056964608
177
-1056964608
178
-1056964608
271
     2
272
     2
273
     2
274
     2
277
     2
278
    46
281
     1
282
     1
283
     1
289
     3
340
11
294
     0
371
    -2
372
    -2
341
0
342
0
343
0
344
0
345
0
346
0
347
0
1001
ACAD_DSTYLE_DIMJAG
1070
   388
1040
1.5
1001
ACAD_DSTYLE_DIMTALN
1070
   392
1070
     0
  0
DIMSTYLE
105
68
330
A
100
AcDbSymbolTableRecord
100
AcDbDimStyleTableRecord
  2
mxcadcommentdimstyle
 70
     0
 41
0.18
 42
0.0625
 43
0.38
 44
0.18
 49
1.0
 50
45.0
 70
     0
 73
     0
 74
     1
140
0.2
141
0.09
143
25.4
144
1.0
146
1.0
147
0.09
171
     2
172
     1
176
-1056964608
177
-1056964608
178
-1056964608
271
     2
272
     3
273
     2
274
     2
277
     2
278
    44
283
     1
289
     3
340
5E
294
     0
371
     0
372
     0
341
0
342
0
343
0
344
0
345
0
346
0
347
0
  0
DIMSTYLE
105
20E
330
A
100
AcDbSymbolTableRecord
100
AcDbDimStyleTableRecord
  2
Annotative
 70
     0
 40
0.0
 41
2.5
 42
0.625
 43
3.75
 44
1.25
 49
1.0
 50
45.0
 70
     0
 73
     0
 74
     0
 77
     1
 78
     8
140
2.5
141
2.5
143
0.03937007874016
144
1.0
146
1.0
147
0.625
171
     3
172
     1
176
-1056964608
177
-1056964608
178
-1056964608
271
     2
272
     2
273
     2
274
     3
277
     2
278
    44
283
     0
284
     8
289
     3
340
11
294
     0
371
    -2
372
    -2
341
0
342
0
343
0
344
0
345
0
346
0
347
0
1001
AcadAnnotative
1000
AnnotativeData
1002
{
1070
     1
1070
     1
1002
}
1001
ACAD_DSTYLE_DIMJAG
1070
   388
1040
1.5
1001
ACAD_DSTYLE_DIMTALN
1070
   392
1070
     0
  0
DIMSTYLE
105
20F
330
A
100
AcDbSymbolTableRecord
100
AcDbDimStyleTableRecord
  2
ISO-25
 70
     0
 41
2.5
 42
0.625
 43
3.75
 44
1.25
 49
1.0
 50
45.0
 70
     0
 73
     0
 74
     0
 77
     1
 78
     8
140
2.5
141
2.5
143
0.03937007874016
144
1.0
146
1.0
147
0.625
171
     3
172
     1
176
-1056964608
177
-1056964608
178
-1056964608
271
     2
272
     2
273
     2
274
     3
277
     2
278
    44
283
     0
284
     8
289
     3
340
11
294
     0
371
    -2
372
    -2
341
0
342
0
343
0
344
0
345
0
346
0
347
0
  0
ENDTAB
  0
TABLE
  2
BLOCK_RECORD
  5
1
330
0
100
AcDbSymbolTable
 70
    13
  0
BLOCK_RECORD
  5
1F
102
{ACAD_XDICTIONARY
360
23C
102
}
330
1
100
AcDbSymbolTableRecord
100
AcDbBlockTableRecord
  2
*Model_Space
340
22
310

 70
     0
280
     1
281
     0
  0
BLOCK_RECORD
  5
1B
330
1
100
AcDbSymbolTableRecord
100
AcDbBlockTableRecord
  2
*Paper_Space
340
1E
310

 70
     0
280
     1
281
     0
  0
BLOCK_RECORD
  5
23
330
1
100
AcDbSymbolTableRecord
100
AcDbBlockTableRecord
  2
*Paper_Space0
340
26
310

 70
     0
280
     1
281
     0
  0
BLOCK_RECORD
  5
221
330
1
100
AcDbSymbolTableRecord
100
AcDbBlockTableRecord
  2
rrrrrrrrrrr
340
0
310
2800000020000000200000000100080000000000000400000000000000000000000000000000000000000000000080000080000000808000800000008000800080800000C0C0C000C0DCC000F0CAA6000020400000206000002080000020A0000020C0000020E00000400000004020000040400000406000004080000040A0
310
000040C0000040E00000600000006020000060400000606000006080000060A0000060C0000060E00000800000008020000080400000806000008080000080A0000080C0000080E00000A0000000A0200000A0400000A0600000A0800000A0A00000A0C00000A0E00000C0000000C0200000C0400000C0600000C0800000C0
310
A00000C0C00000C0E00000E0000000E0200000E0400000E0600000E0800000E0A00000E0C00000E0E00040000000400020004000400040006000400080004000A0004000C0004000E00040200000402020004020400040206000402080004020A0004020C0004020E000404000004040200040404000404060004040800040
310
40A0004040C0004040E00040600000406020004060400040606000406080004060A0004060C0004060E00040800000408020004080400040806000408080004080A0004080C0004080E00040A0000040A0200040A0400040A0600040A0800040A0A00040A0C00040A0E00040C0000040C0200040C0400040C0600040C08000
310
40C0A00040C0C00040C0E00040E0000040E0200040E0400040E0600040E0800040E0A00040E0C00040E0E00080000000800020008000400080006000800080008000A0008000C0008000E00080200000802020008020400080206000802080008020A0008020C0008020E00080400000804020008040400080406000804080
310
008040A0008040C0008040E00080600000806020008060400080606000806080008060A0008060C0008060E00080800000808020008080400080806000808080008080A0008080C0008080E00080A0000080A0200080A0400080A0600080A0800080A0A00080A0C00080A0E00080C0000080C0200080C0400080C0600080C0
310
800080C0A00080C0C00080C0E00080E0000080E0200080E0400080E0600080E0800080E0A00080E0C00080E0E000C0000000C0002000C0004000C0006000C0008000C000A000C000C000C000E000C0200000C0202000C0204000C0206000C0208000C020A000C020C000C020E000C0400000C0402000C0404000C0406000C0
310
408000C040A000C040C000C040E000C0600000C0602000C0604000C0606000C0608000C060A000C060C000C060E000C0800000C0802000C0804000C0806000C0808000C080A000C080C000C080E000C0A00000C0A02000C0A04000C0A06000C0A08000C0A0A000C0A0C000C0A0E000C0C00000C0C02000C0C04000C0C06000
310
C0C08000C0C0A000F0FBFF00A4A0A000808080000000FF0000FF000000FFFF00FF000000FF00FF00FFFF0000FFFFFF004949494949494949494949494949494949494949494949494949494949494949494949494949494949F9494949494949494949494949494949494949494949494949494949494949F949F9F9494949
310
494949494949494949494949494949494949494949494949F949494949F949494949494949494949494949494949494949494949494949F9494949494949F9F949494949494949494949494949494949494949494949F9494949494949494949F9F949494949494949494949494949494949494949F9494949494949494949
310
494949F94949494949494949494949494949494949F94949494949494949494949494949F9F94949494949494949494949494949F94949494949494949494949494949494949F94949494949494949494949494949F94949494949494949494949494949494949F9F9494949494949494949494949F9494949494949494949
310
494949494949494949F9F9494949494949494949494949F9494949494949494949494949494949F9F949F9494949494949494949494949F949494949494949494949494949F9F949494949F9494949494949494949494949F949494949494949494949F9F9494949494949F9494949494949494949494949F9494949494949
310
4949F9F9F94949494949494949F9494949494949494949494949F94949494949F9F9494949F949494949494949F9494949494949494949494949F9494949F9F94949494949F94949494949494949F9494949494949494949494949F9F9F94949494949494949F949494949494949F9494949494949494949494949F9494949
310
49494949494949F94949494949494949F94949494949494949494949F949494949494949494949F94949494949494949F9494949494949494949494949F949494949494949494949F94949494949494949F94949494949494949494949F949494949494949494949F94949494949494949F9494949494949494949494949F9
310
494949494949494949F9494949494949494949F94949494949494949494949F949494949494949494949F949494949494949F9F94949494949494949494949F949494949494949494949F949494949F9F9F94949494949494949494949494949F949494949494949494949F949F9F949494949494949494949494949494949
310
49F9494949494949494949F9F9F94949494949494949494949494949494949494949F9494949494949F9F94949494949494949494949494949494949494949494949F949494949F9F94949494949494949494949494949494949494949494949494949F949F9F9494949494949494949494949494949494949494949494949
310
49494949F9F94949494949494949494949494949494949494949494949494949494949494949494949494949494949494949494949494949
 70
     6
280
     1
281
     0
  0
BLOCK_RECORD
  5
266
330
1
100
AcDbSymbolTableRecord
100
AcDbBlockTableRecord
  2
tttttttt
340
0
310
2800000020000000200000000100080000000000000400000000000000000000000000000000000000000000000080000080000000808000800000008000800080800000C0C0C000C0DCC000F0CAA6000020400000206000002080000020A0000020C0000020E00000400000004020000040400000406000004080000040A0
310
000040C0000040E00000600000006020000060400000606000006080000060A0000060C0000060E00000800000008020000080400000806000008080000080A0000080C0000080E00000A0000000A0200000A0400000A0600000A0800000A0A00000A0C00000A0E00000C0000000C0200000C0400000C0600000C0800000C0
310
A00000C0C00000C0E00000E0000000E0200000E0400000E0600000E0800000E0A00000E0C00000E0E00040000000400020004000400040006000400080004000A0004000C0004000E00040200000402020004020400040206000402080004020A0004020C0004020E000404000004040200040404000404060004040800040
310
40A0004040C0004040E00040600000406020004060400040606000406080004060A0004060C0004060E00040800000408020004080400040806000408080004080A0004080C0004080E00040A0000040A0200040A0400040A0600040A0800040A0A00040A0C00040A0E00040C0000040C0200040C0400040C0600040C08000
310
40C0A00040C0C00040C0E00040E0000040E0200040E0400040E0600040E0800040E0A00040E0C00040E0E00080000000800020008000400080006000800080008000A0008000C0008000E00080200000802020008020400080206000802080008020A0008020C0008020E00080400000804020008040400080406000804080
310
008040A0008040C0008040E00080600000806020008060400080606000806080008060A0008060C0008060E00080800000808020008080400080806000808080008080A0008080C0008080E00080A0000080A0200080A0400080A0600080A0800080A0A00080A0C00080A0E00080C0000080C0200080C0400080C0600080C0
310
800080C0A00080C0C00080C0E00080E0000080E0200080E0400080E0600080E0800080E0A00080E0C00080E0E000C0000000C0002000C0004000C0006000C0008000C000A000C000C000C000E000C0200000C0202000C0204000C0206000C0208000C020A000C020C000C020E000C0400000C0402000C0404000C0406000C0
310
408000C040A000C040C000C040E000C0600000C0602000C0604000C0606000C0608000C060A000C060C000C060E000C0800000C0802000C0804000C0806000C0808000C080A000C080C000C080E000C0A00000C0A02000C0A04000C0A06000C0A08000C0A0A000C0A0C000C0A0E000C0C00000C0C02000C0C04000C0C06000
310
C0C08000C0C0A000F0FBFF00A4A0A000808080000000FF0000FF000000FFFF00FF000000FF00FF00FFFF0000FFFFFF004949494949494949494949494949494949494949494949494949494949494949494949494949494949F9494949494949494949494949494949494949494949494949494949494949F949F9F9494949
310
494949494949494949494949494949494949494949494949F949494949F949494949494949494949494949494949494949494949494949F9494949494949F9F949494949494949494949494949494949494949494949F9494949494949494949F94949494949494949494949494949494949494949F9494949494949494949
310
4949F9F94949494949494949494949494949494949F94949494949494949494949494949F9F94949494949494949494949494949F94949494949494949494949494949494949F94949494949494949494949494949F94949494949494949494949494949494949F9F9494949494949494949494949F9494949494949494949
310
494949494949494949F9F9494949494949494949494949F9494949494949494949494949494949F9F949F9494949494949494949494949F949494949494949494949494949F9F949494949F9494949494949494949494949F949494949494949494949F9F9494949494949F9494949494949494949494949F9494949494949
310
4949F9F9F94949494949494949F9494949494949494949494949F94949494949F9F9494949F949494949494949F9494949494949494949494949F9494949F9F94949494949F94949494949494949F9494949494949494949494949F9F9F94949494949494949F949494949494949F9494949494949494949494949F9494949
310
49494949494949F94949494949494949F94949494949494949494949F949494949494949494949F94949494949494949F9494949494949494949494949F949494949494949494949F94949494949494949F94949494949494949494949F949494949494949494949F94949494949494949F9494949494949494949494949F9
310
494949494949494949F9494949494949494949F94949494949494949494949F949494949494949494949F949494949494949F9F94949494949494949494949F949494949494949494949F94949494949F9F94949494949494949494949494949F949494949494949494949F949F9F9F9494949494949494949494949494949
310
49F9494949494949494949F9F9F94949494949494949494949494949494949494949F9494949494949F9F94949494949494949494949494949494949494949494949F949494949F9F94949494949494949494949494949494949494949494949494949F949F9F9494949494949494949494949494949494949494949494949
310
49494949F9F94949494949494949494949494949494949494949494949494949494949494949494949494949494949494949494949494949
 70
     6
280
     1
281
     0
  0
BLOCK_RECORD
  5
2C3
330
1
100
AcDbSymbolTableRecord
100
AcDbBlockTableRecord
  2
*D4
340
0
310

 70
     0
280
     1
281
     0
  0
BLOCK_RECORD
  5
2D7
330
1
100
AcDbSymbolTableRecord
100
AcDbBlockTableRecord
  2
*D5
340
0
310

 70
     0
280
     1
281
     0
  0
BLOCK_RECORD
  5
2DF
330
1
100
AcDbSymbolTableRecord
100
AcDbBlockTableRecord
  2
*D6
340
0
310

 70
     0
280
     1
281
     0
  0
BLOCK_RECORD
  5
2E7
330
1
100
AcDbSymbolTableRecord
100
AcDbBlockTableRecord
  2
*D7
340
0
310

 70
     0
280
     1
281
     0
  0
BLOCK_RECORD
  5
2EF
330
1
100
AcDbSymbolTableRecord
100
AcDbBlockTableRecord
  2
*D8
340
0
310

 70
     0
280
     1
281
     0
  0
BLOCK_RECORD
  5
2F7
330
1
100
AcDbSymbolTableRecord
100
AcDbBlockTableRecord
  2
*D9
340
0
310

 70
     0
280
     1
281
     0
  0
BLOCK_RECORD
  5
2FF
330
1
100
AcDbSymbolTableRecord
100
AcDbBlockTableRecord
  2
*D10
340
0
310

 70
     0
280
     1
281
     0
  0
BLOCK_RECORD
  5
307
330
1
100
AcDbSymbolTableRecord
100
AcDbBlockTableRecord
  2
*D11
340
0
310

 70
     0
280
     1
281
     0
  0
BLOCK_RECORD
  5
30F
330
1
100
AcDbSymbolTableRecord
100
AcDbBlockTableRecord
  2
*D12
340
0
310

 70
     0
280
     1
281
     0
  0
ENDTAB
  0
ENDSEC
  0
SECTION
  2
BLOCKS
  0
BLOCK
  5
1C
330
1B
100
AcDbEntity
 67
     1
  8
0
100
AcDbBlockBegin
  2
*Paper_Space
 70
     0
 10
0.0
 20
0.0
 30
0.0
  3
*Paper_Space
  1

  0
ENDBLK
  5
1D
330
1B
100
AcDbEntity
 67
     1
  8
0
100
AcDbBlockEnd
  0
BLOCK
  5
20
330
1F
100
AcDbEntity
  8
0
100
AcDbBlockBegin
  2
*Model_Space
 70
     0
 10
0.0
 20
0.0
 30
0.0
  3
*Model_Space
  1

  0
ENDBLK
  5
21
330
1F
100
AcDbEntity
  8
0
100
AcDbBlockEnd
  0
BLOCK
  5
24
330
23
100
AcDbEntity
  8
0
100
AcDbBlockBegin
  2
*Paper_Space0
 70
     0
 10
0.0
 20
0.0
 30
0.0
  3
*Paper_Space0
  1

  0
ENDBLK
  5
25
330
23
100
AcDbEntity
  8
0
100
AcDbBlockEnd
  0
BLOCK
  5
222
330
221
100
AcDbEntity
  8
0
370
    -2
100
AcDbBlockBegin
  2
rrrrrrrrrrr
 70
     0
 10
0.0
 20
0.0
 30
0.0
  3
rrrrrrrrrrr
  1

  0
LWPOLYLINE
  5
224
330
221
100
AcDbEntity
  8
0
370
    -2
 62
     1
100
AcDbPolyline
 90
        6
 70
     0
 43
0.0
 38
52.0
 10
623700.1400532495
 20
3870701.720676246
 10
623704.8293236005
 20
3870712.642274047
 10
623715.4808301963
 20
3870707.414823672
 10
623722.668922953
 20
3870703.885824305
 10
623707.9879636809
 20
3870695.09535399
 10
623700.1400532495
 20
3870701.720676246
  0
LWPOLYLINE
  5
225
330
221
100
AcDbEntity
  8
0
370
    -2
 62
     1
100
AcDbPolyline
 90
        5
 70
     0
 43
0.0
 38
52.0
 10
623704.8293236025
 20
3870712.642274046
 10
623710.1925225953
 20
3870725.133492929
 10
623720.3800351764
 20
3870721.173296914
 10
623715.4805972248
 20
3870707.414169416
 10
623704.8293236025
 20
3870712.642274046
  0
LWPOLYLINE
  5
226
330
221
100
AcDbEntity
  8
0
370
    -2
 62
     1
100
AcDbPolyline
 90
        5
 70
     0
 43
0.0
 38
52.0
 10
623722.668922953
 20
3870703.885824305
 10
623715.4805972248
 20
3870707.414169416
 10
623720.3800351764
 20
3870721.173296914
 10
623728.6972396347
 20
3870717.70858769
 10
623722.668922953
 20
3870703.885824305
  0
ENDBLK
  5
223
330
221
100
AcDbEntity
  8
0
370
    -2
100
AcDbBlockEnd
  0
BLOCK
  5
267
330
266
100
AcDbEntity
  8
0
370
    -2
100
AcDbBlockBegin
  2
tttttttt
 70
     0
 10
0.0
 20
0.0
 30
0.0
  3
tttttttt
  1

  0
LWPOLYLINE
  5
269
330
266
100
AcDbEntity
  8
0
  6
ByBlock
370
    -2
 62
     1
100
AcDbPolyline
 90
        5
 70
     0
 43
0.0
 38
52.0
 10
623641.5195130977
 20
3870723.866545188
 10
623652.17078672
 20
3870718.638440558
 10
623657.0702246716
 20
3870732.397568055
 10
623646.8827120905
 20
3870736.35776407
 10
623641.5195130977
 20
3870723.866545188
  0
LWPOLYLINE
  5
26A
330
266
100
AcDbEntity
  8
0
  6
ByBlock
370
    -2
 62
     1
100
AcDbPolyline
 90
        5
 70
     0
 43
0.0
 38
52.0
 10
623652.17078672
 20
3870718.638440558
 10
623659.3591124482
 20
3870715.110095446
 10
623665.3874291299
 20
3870728.932858832
 10
623657.0702246716
 20
3870732.397568055
 10
623652.17078672
 20
3870718.638440558
  0
LWPOLYLINE
  5
26B
330
266
100
AcDbEntity
  8
0
  6
ByBlock
370
    -2
 62
     1
100
AcDbPolyline
 90
        5
 70
     1
 43
0.0
 10
623652.17078672
 20
3870718.638440558
 10
623641.5195130977
 20
3870723.866545188
 10
623636.8302427448
 20
3870712.944947387
 10
623644.6781531761
 20
3870706.319625131
 10
623659.3591124482
 20
3870715.110095446
  0
ENDBLK
  5
268
330
266
100
AcDbEntity
  8
0
370
    -2
100
AcDbBlockEnd
  0
BLOCK
  5
2C4
330
2C3
100
AcDbEntity
  8
0
370
    -2
100
AcDbBlockBegin
  2
*D4
 70
     1
 10
0.0
 20
0.0
 30
0.0
  3
*D4
  1

  0
MTEXT
  5
2D2
330
2C3
100
AcDbEntity
  8
0
  6
ByBlock
370
    -2
 62
     0
100
AcDbMText
 10
623748.5377416825
 20
3870691.585593873
 30
0.0
210
0.0
220
0.0
230
1.0
 11
1.0
 21
0.0
 31
0.0
 40
0.7
 41
0.0
 46
0.0
 71
     5
 72
     1
  1
\A1;17.11
  7
Standard
 73
     1
 44
1.0
  0
POINT
  5
2D3
330
2C3
100
AcDbEntity
  8
Defpoints
  6
ByBlock
370
    -2
 62
     0
100
AcDbPoint
 10
623739.005181001
 20
3870690.938957541
 30
1603.558
 50
0.0
  0
POINT
  5
2D4
330
2C3
100
AcDbEntity
  8
Defpoints
  6
ByBlock
370
    -2
 62
     0
100
AcDbPoint
 10
623753.7773872141
 20
3870699.575210033
 30
1603.558
 50
0.0
  0
POINT
  5
2D5
330
2C3
100
AcDbEntity
  8
Defpoints
  6
ByBlock
370
    -2
 62
     0
100
AcDbPoint
 10
623755.9238447885
 20
3870695.903720119
 30
0.0
 50
0.0
  0
ENDBLK
  5
2C5
330
2C3
100
AcDbEntity
  8
0
370
    -2
100
AcDbBlockEnd
  0
BLOCK
  5
2D8
330
2D7
100
AcDbEntity
  8
0
370
    -2
100
AcDbBlockBegin
  2
*D5
 70
     1
 10
0.0
 20
0.0
 30
0.0
  3
*D5
  1

  0
MTEXT
  5
2DA
330
2D7
100
AcDbEntity
  8
0
  6
ByBlock
370
    -2
 62
     0
100
AcDbMText
 10
623734.3963980724
 20
3870690.815316007
 30
0.0
210
0.0
220
0.0
230
1.0
 11
1.0
 21
0.0
 31
0.0
 40
0.7
 41
0.0
 46
0.0
 71
     5
 72
     1
  1
\A1;10.27
  7
Standard
 73
     1
 44
1.0
  0
POINT
  5
2DB
330
2D7
100
AcDbEntity
  8
Defpoints
  6
ByBlock
370
    -2
 62
     0
100
AcDbPoint
 10
623739.6817193343
 20
3870689.080965455
 30
1603.558
 50
0.0
  0
POINT
  5
2DC
330
2D7
100
AcDbEntity
  8
Defpoints
  6
ByBlock
370
    -2
 62
     0
100
AcDbPoint
 10
623731.9036181532
 20
3870695.788106063
 30
1603.558
 50
0.0
  0
POINT
  5
2DD
330
2D7
100
AcDbEntity
  8
Defpoints
  6
ByBlock
370
    -2
 62
     0
100
AcDbPoint
 10
623730.5073474818
 20
3870694.16888631
 30
0.0
 50
0.0
  0
ENDBLK
  5
2D9
330
2D7
100
AcDbEntity
  8
0
370
    -2
100
AcDbBlockEnd
  0
BLOCK
  5
2E0
330
2DF
100
AcDbEntity
  8
0
370
    -2
100
AcDbBlockBegin
  2
*D6
 70
     1
 10
0.0
 20
0.0
 30
0.0
  3
*D6
  1

  0
MTEXT
  5
2E2
330
2DF
100
AcDbEntity
  8
0
  6
ByBlock
370
    -2
 62
     0
100
AcDbMText
 10
623730.8967929794
 20
3870702.729991599
 30
0.0
210
0.0
220
0.0
230
1.0
 11
1.0
 21
0.0
 31
0.0
 40
0.7
 41
0.0
 46
0.0
 71
     5
 72
     1
  1
\A1;11.89
  7
Standard
 73
     1
 44
1.0
  0
POINT
  5
2E3
330
2DF
100
AcDbEntity
  8
Defpoints
  6
ByBlock
370
    -2
 62
     0
100
AcDbPoint
 10
623731.9036181532
 20
3870695.788106063
 30
1603.558
 50
0.0
  0
POINT
  5
2E4
330
2DF
100
AcDbEntity
  8
Defpoints
  6
ByBlock
370
    -2
 62
     0
100
AcDbPoint
 10
623736.7070000048
 20
3870706.659999999
 30
1603.558
 50
0.0
  0
POINT
  5
2E5
330
2DF
100
AcDbEntity
  8
Defpoints
  6
ByBlock
370
    -2
 62
     0
100
AcDbPoint
 10
623733.2984839055
 20
3870708.165938566
 30
0.0
 50
0.0
  0
ENDBLK
  5
2E1
330
2DF
100
AcDbEntity
  8
0
370
    -2
100
AcDbBlockEnd
  0
BLOCK
  5
2E8
330
2E7
100
AcDbEntity
  8
0
370
    -2
100
AcDbBlockBegin
  2
*D7
 70
     1
 10
0.0
 20
0.0
 30
0.0
  3
*D7
  1

  0
MTEXT
  5
316
330
2E7
100
AcDbEntity
  8
0
  6
ByBlock
370
    -2
 62
     0
100
AcDbMText
 10
623737.5728006809
 20
3870713.338857186
 30
0.0
210
0.0
220
0.0
230
1.0
 11
1.0
 21
0.0
 31
0.0
 40
0.7
 41
0.0
 46
0.0
 71
     5
 72
     1
  1
\A1;13.75
  7
Standard
 73
     1
 44
1.0
  0
POINT
  5
317
330
2E7
100
AcDbEntity
  8
Defpoints
  6
ByBlock
370
    -2
 62
     0
100
AcDbPoint
 10
623735.3558471499
 20
3870706.801213541
 30
1655.849
 50
0.0
  0
POINT
  5
318
330
2E7
100
AcDbEntity
  8
Defpoints
  6
ByBlock
370
    -2
 62
     0
100
AcDbPoint
 10
623740.9133889595
 20
3870719.38006049
 30
1655.558
 50
0.0
  0
POINT
  5
319
330
2E7
100
AcDbEntity
  8
Defpoints
  6
ByBlock
370
    -2
 62
     0
100
AcDbPoint
 10
623740.3515715853
 20
3870719.628280662
 30
0.0
 50
0.0
  0
ENDBLK
  5
2E9
330
2E7
100
AcDbEntity
  8
0
370
    -2
100
AcDbBlockEnd
  0
BLOCK
  5
2F0
330
2EF
100
AcDbEntity
  8
0
370
    -2
100
AcDbBlockBegin
  2
*D8
 70
     1
 10
0.0
 20
0.0
 30
0.0
  3
*D8
  1

  0
MTEXT
  5
2F2
330
2EF
100
AcDbEntity
  8
0
  6
ByBlock
370
    -2
 62
     0
100
AcDbMText
 10
623747.633858536
 20
3870717.960181689
 30
0.0
210
0.0
220
0.0
230
1.0
 11
1.0
 21
0.0
 31
0.0
 40
0.7
 41
0.0
 46
0.0
 71
     5
 72
     1
  1
\A1;10.93
  7
Standard
 73
     1
 44
1.0
  0
POINT
  5
2F3
330
2EF
100
AcDbEntity
  8
Defpoints
  6
ByBlock
370
    -2
 62
     0
100
AcDbPoint
 10
623742.2007102777
 20
3870719.094371719
 30
1655.558
 50
0.0
  0
POINT
  5
2F4
330
2EF
100
AcDbEntity
  8
Defpoints
  6
ByBlock
370
    -2
 62
     0
100
AcDbPoint
 10
623752.3461939534
 20
3870715.027711411
 30
1655.558
 50
0.0
  0
POINT
  5
2F5
330
2EF
100
AcDbEntity
  8
Defpoints
  6
ByBlock
370
    -2
 62
     0
100
AcDbPoint
 10
623752.7066003738
 20
3870715.926851535
 30
0.0
 50
0.0
  0
ENDBLK
  5
2F1
330
2EF
100
AcDbEntity
  8
0
370
    -2
100
AcDbBlockEnd
  0
BLOCK
  5
2F8
330
2F7
100
AcDbEntity
  8
0
370
    -2
100
AcDbBlockBegin
  2
*D9
 70
     1
 10
0.0
 20
0.0
 30
0.0
  3
*D9
  1

  0
MTEXT
  5
2FA
330
2F7
100
AcDbEntity
  8
0
  6
ByBlock
370
    -2
 62
     0
100
AcDbMText
 10
623756.9190933267
 20
3870714.291282414
 30
0.0
210
0.0
220
0.0
230
1.0
 11
1.0
 21
0.0
 31
0.0
 40
0.7
 41
0.0
 46
0.0
 71
     5
 72
     1
  1
\A1;9.03
  7
Standard
 73
     1
 44
1.0
  0
POINT
  5
2FB
330
2F7
100
AcDbEntity
  8
Defpoints
  6
ByBlock
370
    -2
 62
     0
100
AcDbPoint
 10
623752.3239992228
 20
3870715.037231061
 30
1655.558
 50
0.0
  0
POINT
  5
2FC
330
2F7
100
AcDbEntity
  8
Defpoints
  6
ByBlock
370
    -2
 62
     0
100
AcDbPoint
 10
623760.626660687
 20
3870711.476096191
 30
1655.558
 50
0.0
  0
POINT
  5
2FD
330
2F7
100
AcDbEntity
  8
Defpoints
  6
ByBlock
370
    -2
 62
     0
100
AcDbPoint
 10
623761.0704240588
 20
3870712.510714979
 30
0.0
 50
0.0
  0
ENDBLK
  5
2F9
330
2F7
100
AcDbEntity
  8
0
370
    -2
100
AcDbBlockEnd
  0
BLOCK
  5
300
330
2FF
100
AcDbEntity
  8
0
370
    -2
100
AcDbBlockBegin
  2
*D10
 70
     1
 10
0.0
 20
0.0
 30
0.0
  3
*D10
  1

  0
MTEXT
  5
302
330
2FF
100
AcDbEntity
  8
0
  6
ByBlock
370
    -2
 62
     0
100
AcDbMText
 10
623758.7306340123
 20
3870704.062626682
 30
0.0
210
0.0
220
0.0
230
1.0
 11
1.0
 21
0.0
 31
0.0
 40
0.7
 41
0.0
 46
0.0
 71
     5
 72
     1
  1
\A1;15.08
  7
Standard
 73
     1
 44
1.0
  0
POINT
  5
303
330
2FF
100
AcDbEntity
  8
Defpoints
  6
ByBlock
370
    -2
 62
     0
100
AcDbPoint
 10
623760.626660687
 20
3870711.476096191
 30
1655.558
 50
0.0
  0
POINT
  5
304
330
2FF
100
AcDbEntity
  8
Defpoints
  6
ByBlock
370
    -2
 62
     0
100
AcDbPoint
 10
623754.4539255478
 20
3870697.717217947
 30
1603.558
 50
0.0
  0
POINT
  5
305
330
2FF
100
AcDbEntity
  8
Defpoints
  6
ByBlock
370
    -2
 62
     0
100
AcDbPoint
 10
623755.6442664426
 20
3870697.183187561
 30
0.0
 50
0.0
  0
ENDBLK
  5
301
330
2FF
100
AcDbEntity
  8
0
370
    -2
100
AcDbBlockEnd
  0
BLOCK
  5
308
330
307
100
AcDbEntity
  8
0
370
    -2
100
AcDbBlockBegin
  2
*D11
 70
     1
 10
0.0
 20
0.0
 30
0.0
  3
*D11
  1

  0
MTEXT
  5
30A
330
307
100
AcDbEntity
  8
0
  6
ByBlock
370
    -2
 62
     0
100
AcDbMText
 10
623750.4396878742
 20
3870698.64891776
 30
0.0
210
0.0
220
0.0
230
1.0
 11
1.0
 21
0.0
 31
0.0
 40
0.7
 41
0.0
 46
0.0
 71
     5
 72
     1
  1
\A1;8.01
  7
Standard
 73
     1
 44
1.0
  0
POINT
  5
30B
330
307
100
AcDbEntity
  8
Defpoints
  6
ByBlock
370
    -2
 62
     0
100
AcDbPoint
 10
623754.4539255481
 20
3870697.717217947
 30
1603.558
 50
0.0
  0
POINT
  5
30C
330
307
100
AcDbEntity
  8
Defpoints
  6
ByBlock
370
    -2
 62
     0
100
AcDbPoint
 10
623747.3023986872
 20
3870701.320917985
 30
1603.558
 50
0.0
  0
POINT
  5
30D
330
307
100
AcDbEntity
  8
Defpoints
  6
ByBlock
370
    -2
 62
     0
100
AcDbPoint
 10
623746.8639244437
 20
3870700.450767779
 30
0.0
 50
0.0
  0
ENDBLK
  5
309
330
307
100
AcDbEntity
  8
0
370
    -2
100
AcDbBlockEnd
  0
BLOCK
  5
310
330
30F
100
AcDbEntity
  8
0
370
    -2
100
AcDbBlockBegin
  2
*D12
 70
     1
 10
0.0
 20
0.0
 30
0.0
  3
*D12
  1

  0
MTEXT
  5
31A
330
30F
100
AcDbEntity
  8
0
  6
ByBlock
370
    -2
 62
     0
100
AcDbMText
 10
623740.7818968021
 20
3870703.407863196
 30
0.0
210
0.0
220
0.0
230
1.0
 11
1.0
 21
0.0
 31
0.0
 40
0.7
 41
0.0
 46
0.0
 71
     5
 72
     1
  1
\A1;11.87
  7
Standard
 73
     1
 44
1.0
  0
POINT
  5
31B
330
30F
100
AcDbEntity
  8
Defpoints
  6
ByBlock
370
    -2
 62
     0
100
AcDbPoint
 10
623745.8925821143
 20
3870700.366517158
 30
1603.558
 50
0.0
  0
POINT
  5
31C
330
30F
100
AcDbEntity
  8
Defpoints
  6
ByBlock
370
    -2
 62
     0
100
AcDbPoint
 10
623735.2966400911
 20
3870705.705872966
 30
1603.558
 50
0.0
  0
POINT
  5
31D
330
30F
100
AcDbEntity
  8
Defpoints
  6
ByBlock
370
    -2
 62
     0
100
AcDbPoint
 10
623735.4839257905
 20
3870706.0775411
 30
0.0
 50
0.0
  0
ENDBLK
  5
311
330
30F
100
AcDbEntity
  8
0
370
    -2
100
AcDbBlockEnd
  0
ENDSEC
  0
SECTION
  2
ENTITIES
  0
LWPOLYLINE
  5
271
330
1F
100
AcDbEntity
  8
0
  6
ByBlock
370
    -2
 62
     1
100
AcDbPolyline
 90
        5
 70
     0
 43
0.0
 38
1655.558
 10
623736.7070000051
 20
3870706.66
 10
623747.3029420283
 20
3870701.320644192
 10
623752.3461939534
 20
3870715.027711411
 10
623742.2007102777
 20
3870719.094371719
 10
623736.7070000051
 20
3870706.66
  0
LWPOLYLINE
  5
272
330
1F
100
AcDbEntity
  8
0
  6
ByBlock
370
    -2
 62
     1
100
AcDbPolyline
 90
        5
 70
     0
 43
0.0
 38
1655.558
 10
623747.3029420283
 20
3870701.320644192
 10
623754.4539255477
 20
3870697.717217947
 10
623760.626660687
 20
3870711.476096191
 10
623752.3461939534
 20
3870715.027711411
 10
623747.3029420283
 20
3870701.320644192
  0
LWPOLYLINE
  5
273
330
1F
100
AcDbEntity
  8
0
  6
ByBlock
370
    -2
 62
     1
100
AcDbPolyline
 90
        5
 70
     1
 43
0.0
 38
1603.558
 10
623747.3029420283
 20
3870701.320644192
 10
623736.7070000051
 20
3870706.66
 10
623731.9036181533
 20
3870695.788106064
 10
623739.6817193344
 20
3870689.080965455
 10
623754.4539255477
 20
3870697.717217947
  0
MTEXT
  5
290
330
1F
100
AcDbEntity
  8
0
  6
ByBlock
370
    -2
100
AcDbMText
 10
623736.5341198858
 20
3870697.562763547
 30
0.0
210
0.0
220
0.0
230
1.0
 11
1.0
 21
0.0
 31
0.0
 40
0.7170211143541608
 41
8.55569038287774
 46
0.0
 71
     1
 72
     1
  1
area   201.07
  7
Standard
 73
     1
 44
1.0
  0
MTEXT
  5
291
330
1F
100
AcDbEntity
  8
0
  6
ByBlock
370
    -2
100
AcDbMText
 10
623749.8882718141
 20
3870705.835958181
 30
0.0
210
0.0
220
0.0
230
1.0
 11
1.0
 21
0.0
 31
0.0
 40
0.5851195711021158
 41
7.789865443857192
 46
0.0
 71
     1
 72
     1
  1
 area   126.02
  7
Standard
 73
     1
 44
1.0
  0
MTEXT
  5
292
330
1F
100
AcDbEntity
  8
0
  6
ByBlock
370
    -2
100
AcDbMText
 10
623742.0360069596
 20
3870709.510640613
 30
0.0
210
0.0
220
0.0
230
1.0
 11
1.0
 21
0.0
 31
0.0
 40
0.5851195711021158
 41
7.079688961033082
 46
0.0
 71
     1
 72
     1
  1
area   160.33
  7
Standard
 73
     1
 44
1.0
  0
MTEXT
  5
2AE
330
1F
100
AcDbEntity
  8
SurveyPoint
 62
     7
100
AcDbMText
 10
623738.8281078343
 20
3870688.136779822
 30
1659.363
210
0.0
220
0.0
230
1.0
 11
1.0
 21
0.0
 31
0.0
 40
0.5
 41
4.0
 46
0.0
 71
     4
 72
     1
  1
Pt1\P1659.363
  7
Standard
 73
     1
 44
1.0
  0
MTEXT
  5
2AF
330
1F
100
AcDbEntity
  8
SurveyPoint
 62
     7
100
AcDbMText
 10
623728.947656911
 20
3870696.12125715
 30
1362.521282223304
210
0.0
220
0.0
230
1.0
 11
1.0
 21
0.0
 31
0.0
 40
0.4104837825205945
 41
3.283870260164756
 46
0.0
 71
     4
 72
     1
  1
Pt2\P1659.653
  7
Standard
 73
     1
 44
1.0
  0
MTEXT
  5
2B0
330
1F
100
AcDbEntity
  8
SurveyPoint
 62
     7
100
AcDbMText
 10
623732.8552034149
 20
3870707.08511733
 30
1325.312964464498
210
0.0
220
0.0
230
1.0
 11
1.0
 21
0.0
 31
0.0
 40
0.4001913714549147
 41
3.201530971639317
 46
0.0
 71
     4
 72
     1
  1
Pt3\P1655.849
  7
Standard
 73
     1
 44
1.0
  0
MTEXT
  5
2B1
330
1F
100
AcDbEntity
  8
SurveyPoint
 62
     7
100
AcDbMText
 10
623740.7267344703
 20
3870719.879448674
 30
1286.970306211407
210
0.0
220
0.0
230
1.0
 11
1.0
 21
0.0
 31
0.0
 40
0.3899557876929316
 41
3.119646301543453
 46
0.0
 71
     4
 72
     1
  1
Pt4\P1650.149
  7
Standard
 73
     1
 44
1.0
  0
MTEXT
  5
2B3
330
1F
100
AcDbEntity
  8
SurveyPoint
 62
     7
100
AcDbMText
 10
623752.1985370915
 20
3870716.460844527
 30
1334.241516148822
210
0.0
220
0.0
230
1.0
 11
1.0
 21
0.0
 31
0.0
 40
0.4045634980429895
 41
3.236507984343916
 46
0.0
 71
     4
 72
     1
  1
Pt5\P1648.989
  7
Standard
 73
     1
 44
1.0
  0
MTEXT
  5
2B4
330
1F
100
AcDbEntity
  8
SurveyPoint
 62
     7
100
AcDbMText
 10
623761.9911392697
 20
3870711.970650903
 30
1565.024380095342
210
0.0
220
0.0
230
1.0
 11
1.0
 21
0.0
 31
0.0
 40
0.4748544601627109
 41
3.798835681301687
 46
0.0
 71
     4
 72
     1
  1
Pt6\P1647.899
  7
Standard
 73
     1
 44
1.0
  0
MTEXT
  5
2B5
330
1F
100
AcDbEntity
  8
SurveyPoint
 62
     7
100
AcDbMText
 10
623754.6522240229
 20
3870697.096321405
 30
1587.413554042577
210
0.0
220
0.0
230
1.0
 11
1.0
 21
0.0
 31
0.0
 40
0.4800205487326999
 41
3.8401643898616
 46
0.0
 71
     4
 72
     1
  1
Pt7\P1653.485
  7
Standard
 73
     1
 44
1.0
  0
MTEXT
  5
2B6
330
1F
100
AcDbEntity
  8
SurveyPoint
 62
     7
100
AcDbMText
 10
623745.4460633162
 20
3870700.916289394
 30
1211.384146600229
210
0.0
220
0.0
230
0.9999999999999999
 11
1.0
 21
0.0
 31
0.0
 40
0.3660856926738474
 41
2.92868554139078
 46
0.0
 71
     4
 72
     1
  1
Pt8\P1654.509
  7
Standard
 73
     1
 44
1.0
  0
DIMENSION
  5
2C1
330
1F
100
AcDbEntity
  8
0
  6
ByBlock
370
    -2
100
AcDbDimension
280
     0
  2
*D4
 10
623755.9238447885
 20
3870695.903720119
 30
0.0
 11
623748.5377416825
 21
3870691.585593873
 31
0.0
 70
    33
  1

 71
     5
 42
17.11148542677984
 73
     0
 74
     0
 75
     0
  3
Standard
100
AcDbAlignedDimension
 13
623739.0051810009
 23
3870690.938957541
 33
1603.558
 14
623753.7773872141
 24
3870699.575210033
 34
1603.558
 50
0.0
  0
DIMENSION
  5
2D6
330
1F
100
AcDbEntity
  8
0
  6
ByBlock
370
    -2
100
AcDbDimension
280
     0
  2
*D5
 10
623730.5073474818
 20
3870694.16888631
 30
0.0
 11
623734.3963980724
 21
3870690.815316007
 31
0.0
 70
    33
  1

 71
     5
 42
10.27056927001104
 73
     0
 74
     0
 75
     0
  3
Standard
100
AcDbAlignedDimension
 13
623739.6817193344
 23
3870689.080965455
 33
1603.558
 14
623731.9036181533
 24
3870695.788106064
 34
1603.558
 50
0.0
  0
DIMENSION
  5
2DE
330
1F
100
AcDbEntity
  8
0
  6
ByBlock
370
    -2
100
AcDbDimension
280
     0
  2
*D6
 10
623733.2984839055
 20
3870708.165938566
 30
0.0
 11
623730.8967929794
 21
3870702.729991599
 31
0.0
 70
    33
  1

 71
     5
 42
11.88572904607281
 73
     0
 74
     0
 75
     0
  3
Standard
100
AcDbAlignedDimension
 13
623731.9036181533
 23
3870695.788106064
 33
1603.558
 14
623736.7070000051
 24
3870706.66
 34
1603.558
 50
0.0
  0
DIMENSION
  5
2E6
330
1F
100
AcDbEntity
  8
0
  6
ByBlock
370
    -2
100
AcDbDimension
280
     0
  2
*D7
 10
623740.3515715853
 20
3870719.628280662
 30
0.0
 11
623737.5728006809
 21
3870713.338857186
 31
0.0
 70
    33
  1

 71
     5
 42
13.75186029402539
 73
     0
 74
     0
 75
     0
  3
Standard
100
AcDbAlignedDimension
 13
623735.3558471497
 23
3870706.80121354
 33
1655.849
 14
623740.9133889594
 24
3870719.380060489
 34
1655.558
 50
0.0
  0
DIMENSION
  5
2EE
330
1F
100
AcDbEntity
  8
0
  6
ByBlock
370
    -2
100
AcDbDimension
280
     0
  2
*D8
 10
623752.7066003738
 20
3870715.926851535
 30
0.0
 11
623747.633858536
 21
3870717.960181689
 31
0.0
 70
    33
  1

 71
     5
 42
10.93016766000073
 73
     0
 74
     0
 75
     0
  3
Standard
100
AcDbAlignedDimension
 13
623742.2007102777
 23
3870719.094371719
 33
1655.558
 14
623752.3461939534
 24
3870715.027711411
 34
1655.558
 50
0.0
  0
DIMENSION
  5
2F6
330
1F
100
AcDbEntity
  8
0
  6
ByBlock
370
    -2
100
AcDbDimension
280
     0
  2
*D9
 10
623761.0704240588
 20
3870712.510714979
 30
0.0
 11
623756.9190933267
 21
3870714.291282414
 31
0.0
 70
    33
  1

 71
     5
 42
9.034150151186623
 73
     0
 74
     0
 75
     0
  3
Standard
100
AcDbAlignedDimension
 13
623752.323999223
 23
3870715.037231061
 33
1655.558
 14
623760.626660687
 24
3870711.476096191
 34
1655.558
 50
0.0
  0
DIMENSION
  5
2FE
330
1F
100
AcDbEntity
  8
0
  6
ByBlock
370
    -2
100
AcDbDimension
280
     0
  2
*D10
 10
623755.6442664426
 20
3870697.183187561
 30
0.0
 11
623758.7306340123
 21
3870704.062626682
 31
0.0
 70
    33
  1

 71
     5
 42
15.08009912492707
 73
     0
 74
     0
 75
     0
  3
Standard
100
AcDbAlignedDimension
 13
623760.626660687
 23
3870711.476096191
 33
1655.558
 14
623754.4539255477
 24
3870697.717217947
 34
1603.558
 50
0.0
  0
DIMENSION
  5
306
330
1F
100
AcDbEntity
  8
0
  6
ByBlock
370
    -2
100
AcDbDimension
280
     0
  2
*D11
 10
623746.8639244437
 20
3870700.450767779
 30
0.0
 11
623750.4396878742
 21
3870698.64891776
 31
0.0
 70
    33
  1

 71
     5
 42
8.008182715624571
 73
     0
 74
     0
 75
     0
  3
Standard
100
AcDbAlignedDimension
 13
623754.4539255477
 23
3870697.717217947
 33
1603.558
 14
623747.3023986871
 24
3870701.320917985
 34
1603.558
 50
0.0
  0
DIMENSION
  5
30E
330
1F
100
AcDbEntity
  8
0
  6
ByBlock
370
    -2
100
AcDbDimension
280
     0
  2
*D12
 10
623735.4839257905
 20
3870706.0775411
 30
0.0
 11
623740.7818968021
 21
3870703.407863196
 31
0.0
 70
    33
  1

 71
     5
 42
11.86518890690058
 73
     0
 74
     0
 75
     0
  3
Standard
100
AcDbAlignedDimension
 13
623745.8925821143
 23
3870700.366517158
 33
1603.558
 14
623735.2966400911
 24
3870705.705872966
 34
1603.558
 50
0.0
  0
ENDSEC
  0
SECTION
  2
OBJECTS
  0
DICTIONARY
  5
C
330
0
100
AcDbDictionary
  3
ACAD_CIP_PREVIOUS_PRODUCT_INFO
350
C2
  3
ACAD_COLOR
350
BA
  3
ACAD_DETAILVIEWSTYLE
350
B7
  3
ACAD_GROUP
350
D
  3
ACAD_LAYOUT
350
1A
  3
ACAD_MATERIAL
350
43
  3
ACAD_MLEADERSTYLE
350
5B
  3
ACAD_MLINESTYLE
350
17
  3
ACAD_PLOTSETTINGS
350
19
  3
ACAD_PLOTSTYLENAME
350
E
  3
ACAD_SCALELIST
350
47
  3
ACAD_SECTIONVIEWSTYLE
350
B8
  3
ACAD_TABLESTYLE
350
59
  3
ACAD_VISUALSTYLE
350
2A
  3
AcDbVariableDictionary
350
7C
  0
DICTIONARY
  5
D
102
{ACAD_REACTORS
330
C
102
}
330
C
100
AcDbDictionary
281
     1
  0
ACDBDICTIONARYWDFLT
  5
E
102
{ACAD_REACTORS
330
C
102
}
330
C
100
AcDbDictionary
281
     1
  3
Normal
350
F
100
AcDbDictionaryWithDefault
340
F
  0
ACDBPLACEHOLDER
  5
F
102
{ACAD_REACTORS
330
E
102
}
330
E
  0
DICTIONARY
  5
17
102
{ACAD_REACTORS
330
C
102
}
330
C
100
AcDbDictionary
281
     1
  3
Standard
350
18
  0
MLINESTYLE
  5
18
102
{ACAD_REACTORS
330
17
102
}
330
17
100
AcDbMlineStyle
  2
STANDARD
 70
     0
  3

 62
     0
 51
90.0
 52
90.0
 71
     2
 49
0.5
 62
     0
  6
BYLAYER
 49
-0.5
 62
     0
  6
BYLAYER
  0
DICTIONARY
  5
19
102
{ACAD_REACTORS
330
C
102
}
330
C
100
AcDbDictionary
281
     1
  0
DICTIONARY
  5
1A
102
{ACAD_REACTORS
330
C
102
}
330
C
100
AcDbDictionary
281
     1
  3
Layout1
350
1E
  3
Layout2
350
26
  3
Model
350
22
  0
LAYOUT
  5
1E
102
{ACAD_REACTORS
330
1A
102
}
330
1A
100
AcDbPlotSettings
  1

  2
none_device
  4
ISO_C5_(229.00_x_162.00_MM)
  6

 40
7.5
 41
20.0
 42
7.5
 43
20.0
 44
229.0
 45
162.0
 46
0.0
 47
0.0
 48
0.0
 49
0.0
140
0.0
141
0.0
142
1.0
143
1.0
 70
   688
 72
     0
 73
     0
 74
     5
  7

 75
    16
147
1.0
148
0.0
149
0.0
 76
     0
 77
     2
 78
   300
333
0
100
AcDbLayout
  1
Layout1
 70
     1
 71
     1
 10
0.0
 20
0.0
 11
12.0
 21
9.0
 12
0.0
 22
0.0
 32
0.0
 14
1E+20
 24
1E+20
 34
1E+20
 15
-1E+20
 25
-1E+20
 35
-1E+20
146
0.0
 13
0.0
 23
0.0
 33
0.0
 16
1.0
 26
0.0
 36
0.0
 17
0.0
 27
1.0
 37
0.0
 76
     0
330
1B
1001
Mx5A347595-AE13-47C0-A5CD-458388691E2F
1040
0.0
1040
0.0
1040
0.0
1040
0.0
  0
LAYOUT
  5
22
102
{ACAD_REACTORS
330
1A
102
}
330
1A
100
AcDbPlotSettings
  1

  2
none_device
  4
ISO_C5_(229.00_x_162.00_MM)
  6

 40
7.5
 41
20.0
 42
7.5
 43
20.0
 44
229.0
 45
162.0
 46
0.0
 47
0.0
 48
0.0
 49
0.0
140
0.0
141
0.0
142
1.0
143
1.0
 70
  1712
 72
     0
 73
     0
 74
     0
  7

 75
    16
147
1.0
148
-15842708.53211333
149
-98314573.85458949
 76
     0
 77
     2
 78
   300
333
0
100
AcDbLayout
  1
Model
 70
     1
 71
     0
 10
623731.0645615591
 20
3870681.930369697
 11
623770.8014313376
 21
3870719.246070631
 12
0.0
 22
0.0
 32
0.0
 14
623731.0645615591
 24
3870681.930369697
 34
0.0
 15
623770.8014313376
 25
3870719.246070631
 35
0.0
146
0.0
 13
0.0
 23
0.0
 33
0.0
 16
1.0
 26
0.0
 36
0.0
 17
0.0
 27
1.0
 37
0.0
 76
     0
330
1F
331
29
1001
Mx5A347595-AE13-47C0-A5CD-458388691E2F
1040
0.0
1040
0.0
1040
0.0
1040
0.0
  0
LAYOUT
  5
26
102
{ACAD_REACTORS
330
1A
102
}
330
1A
100
AcDbPlotSettings
  1

  2
none_device
  4
ISO_C5_(229.00_x_162.00_MM)
  6

 40
7.5
 41
20.0
 42
7.5
 43
20.0
 44
229.0
 45
162.0
 46
0.0
 47
0.0
 48
0.0
 49
0.0
140
0.0
141
0.0
142
1.0
143
1.0
 70
   688
 72
     0
 73
     0
 74
     5
  7

 75
    16
147
1.0
148
0.0
149
0.0
 76
     0
 77
     2
 78
   300
333
0
100
AcDbLayout
  1
Layout2
 70
     1
 71
     2
 10
0.0
 20
0.0
 11
12.0
 21
9.0
 12
0.0
 22
0.0
 32
0.0
 14
0.0
 24
0.0
 34
0.0
 15
0.0
 25
0.0
 35
0.0
146
0.0
 13
0.0
 23
0.0
 33
0.0
 16
1.0
 26
0.0
 36
0.0
 17
0.0
 27
1.0
 37
0.0
 76
     0
330
23
1001
Mx5A347595-AE13-47C0-A5CD-458388691E2F
1040
0.0
1040
0.0
1040
0.0
1040
0.0
  0
DICTIONARY
  5
2A
102
{ACAD_REACTORS
330
C
102
}
330
C
100
AcDbDictionary
281
     1
  3
2dWireframe
350
2F
  3
Basic
350
32
  3
Brighten
350
36
  3
ColorChange
350
3A
  3
Conceptual
350
34
  3
Dim
350
35
  3
EdgeColorOff
350
3D
  3
Facepattern
350
39
  3
Flat
350
2B
  3
FlatWithEdges
350
2C
  3
Gouraud
350
2D
  3
GouraudWithEdges
350
2E
  3
Hidden
350
31
  3
JitterOff
350
3B
  3
Linepattern
350
38
  3
OverhangOff
350
3C
  3
Realistic
350
33
  3
Shaded
350
42
  3
Shaded with edges
350
41
  3
Shades of Gray
350
3E
  3
Sketchy
350
3F
  3
Thicken
350
37
  3
Wireframe
350
30
  3
X-Ray
350
40
  0
VISUALSTYLE
  5
2B
102
{ACAD_REACTORS
330
2A
102
}
330
2A
100
AcDbVisualStyle
  2
Flat
 70
     0
177
     2
291
     1
 70
    58
 90
        2
176
     1
 90
        1
176
     1
 90
        1
176
     1
 90
        2
176
     1
 40
0.6
176
     1
 40
30.0
176
     1
 62
     7
420
3271557119
176
     1
 90
        0
176
     1
 90
        0
176
     1
 62
     7
176
     1
 62
   257
176
     1
 90
        1
176
     1
 90
        1
176
     1
 40
1.0
176
     1
 90
        8
176
     1
 62
     7
176
     1
 40
1.0
176
     1
 90
        1
176
     1
 90
        6
176
     1
 90
        2
176
     1
 62
     7
176
     1
 90
        5
176
     1
 90
        0
176
     1
 90
        0
176
     1
290
     0
176
     1
 90
       13
176
     1
 40
0.0
176
     1
 90
        0
176
     1
290
     0
176
     1
290
     1
176
     1
290
     1
176
     1
290
     0
290
     0
176
     1
290
     0
290
     0
176
     1
290
     0
176
     1
290
     0
176
     1
 90
       50
176
     1
 40
0.0
176
     1
 40
1.0
176
     1
 90
        0
176
     1
 62
     0
420
3254779904
176
     1
 90
       50
176
     1
 90
        3
176
     1
 62
     5
420
3254780159
176
     1
290
     0
176
     1
 90
       50
176
     1
 90
       50
176
     1
 90
       50
176
     1
290
     0
176
     1
 90
       50
176
     1
 62
     0
176
     0
 40
1.0
176
     0
 90
        2
176
     1
  1
strokes_ogs.tif
176
     1
290
     0
176
     1
 40
1.0
176
     1
 40
1.0
176
     1
  0
VISUALSTYLE
  5
2C
102
{ACAD_REACTORS
330
2A
102
}
330
2A
100
AcDbVisualStyle
  2
FlatWithEdges
 70
     1
177
     2
291
     1
 70
    58
 90
        2
176
     1
 90
        1
176
     1
 90
        1
176
     1
 90
        2
176
     1
 40
0.6
176
     1
 40
30.0
176
     1
 62
     7
420
3271557119
176
     1
 90
        1
176
     1
 90
        0
176
     1
 62
     7
176
     1
 62
   257
176
     1
 90
        1
176
     1
 90
        1
176
     1
 40
1.0
176
     1
 90
        0
176
     1
 62
   257
176
     1
 40
1.0
176
     1
 90
        1
176
     1
 90
        6
176
     1
 90
        2
176
     1
 62
     7
176
     1
 90
        5
176
     1
 90
        0
176
     1
 90
        0
176
     1
290
     0
176
     1
 90
       13
176
     1
 40
0.0
176
     1
 90
        0
176
     1
290
     0
176
     1
290
     1
176
     1
290
     1
176
     1
290
     0
290
     0
176
     1
290
     0
290
     0
176
     1
290
     0
176
     1
290
     0
176
     1
 90
       50
176
     1
 40
0.0
176
     1
 40
1.0
176
     1
 90
        0
176
     1
 62
     0
420
3254779904
176
     1
 90
       50
176
     1
 90
        3
176
     1
 62
     5
420
3254780159
176
     1
290
     0
176
     1
 90
       50
176
     1
 90
       50
176
     1
 90
       50
176
     1
290
     0
176
     1
 90
       50
176
     1
 62
     0
176
     0
 40
1.0
176
     0
 90
        2
176
     1
  1
strokes_ogs.tif
176
     1
290
     0
176
     1
 40
1.0
176
     1
 40
1.0
176
     1
  0
VISUALSTYLE
  5
2D
102
{ACAD_REACTORS
330
2A
102
}
330
2A
100
AcDbVisualStyle
  2
Gouraud
 70
     2
177
     2
291
     1
 70
    58
 90
        2
176
     1
 90
        2
176
     1
 90
        1
176
     1
 90
        2
176
     1
 40
0.6
176
     1
 40
30.0
176
     1
 62
     7
420
3271557119
176
     1
 90
        0
176
     1
 90
        0
176
     1
 62
     7
176
     1
 62
   257
176
     1
 90
        1
176
     1
 90
        1
176
     1
 40
1.0
176
     1
 90
        0
176
     1
 62
     7
176
     1
 40
1.0
176
     1
 90
        1
176
     1
 90
        6
176
     1
 90
        2
176
     1
 62
     7
176
     1
 90
        5
176
     1
 90
        0
176
     1
 90
        0
176
     1
290
     0
176
     1
 90
       13
176
     1
 40
0.0
176
     1
 90
        0
176
     1
290
     0
176
     1
290
     1
176
     1
290
     1
176
     1
290
     0
290
     0
176
     1
290
     0
290
     0
176
     1
290
     0
176
     1
290
     0
176
     1
 90
       50
176
     1
 40
0.0
176
     1
 40
1.0
176
     1
 90
        0
176
     1
 62
     0
420
3254779904
176
     1
 90
       50
176
     1
 90
        3
176
     1
 62
     5
420
3254780159
176
     1
290
     0
176
     1
 90
       50
176
     1
 90
       50
176
     1
 90
       50
176
     1
290
     0
176
     1
 90
       50
176
     1
 62
     0
176
     0
 40
1.0
176
     0
 90
        2
176
     1
  1
strokes_ogs.tif
176
     1
290
     0
176
     1
 40
1.0
176
     1
 40
1.0
176
     1
  0
VISUALSTYLE
  5
2E
102
{ACAD_REACTORS
330
2A
102
}
330
2A
100
AcDbVisualStyle
  2
GouraudWithEdges
 70
     3
177
     2
291
     1
 70
    58
 90
        2
176
     1
 90
        2
176
     1
 90
        1
176
     1
 90
        2
176
     1
 40
0.6
176
     1
 40
30.0
176
     1
 62
     7
420
3271557119
176
     1
 90
        1
176
     1
 90
        0
176
     1
 62
     7
176
     1
 62
   257
176
     1
 90
        1
176
     1
 90
        1
176
     1
 40
1.0
176
     1
 90
        0
176
     1
 62
   257
176
     1
 40
1.0
176
     1
 90
        1
176
     1
 90
        6
176
     1
 90
        2
176
     1
 62
     7
176
     1
 90
        5
176
     1
 90
        0
176
     1
 90
        0
176
     1
290
     0
176
     1
 90
       13
176
     1
 40
0.0
176
     1
 90
        0
176
     1
290
     0
176
     1
290
     1
176
     1
290
     1
176
     1
290
     0
290
     0
176
     1
290
     0
290
     0
176
     1
290
     0
176
     1
290
     0
176
     1
 90
       50
176
     1
 40
0.0
176
     1
 40
1.0
176
     1
 90
        0
176
     1
 62
     0
420
3254779904
176
     1
 90
       50
176
     1
 90
        3
176
     1
 62
     5
420
3254780159
176
     1
290
     0
176
     1
 90
       50
176
     1
 90
       50
176
     1
 90
       50
176
     1
290
     0
176
     1
 90
       50
176
     1
 62
     0
176
     0
 40
1.0
176
     0
 90
        2
176
     1
  1
strokes_ogs.tif
176
     1
290
     0
176
     1
 40
1.0
176
     1
 40
1.0
176
     1
  0
VISUALSTYLE
  5
2F
102
{ACAD_REACTORS
330
2A
102
}
330
2A
100
AcDbVisualStyle
  2
2dWireframe
 70
     4
177
     2
291
     0
 70
    58
 90
        0
176
     1
 90
        2
176
     1
 90
        0
176
     1
 90
        0
176
     1
 40
0.6
176
     1
 40
30.0
176
     1
 62
     7
420
3271557119
176
     1
 90
        1
176
     1
 90
        4
176
     1
 62
     7
176
     1
 62
   257
176
     1
 90
        1
176
     1
 90
        1
176
     1
 40
1.0
176
     1
 90
        0
176
     1
 62
   257
176
     1
 40
1.0
176
     1
 90
        1
176
     1
 90
        6
176
     1
 90
        2
176
     1
 62
     7
176
     1
 90
        5
176
     1
 90
        0
176
     1
 90
        0
176
     1
290
     0
176
     1
 90
        1
176
     1
 40
0.0
176
     1
 90
        0
176
     1
290
     1
176
     1
290
     1
176
     1
290
     0
176
     1
290
     0
290
     0
176
     1
290
     0
290
     0
176
     1
290
     0
176
     1
290
     0
176
     1
 90
       50
176
     1
 40
0.0
176
     1
 40
1.0
176
     1
 90
        0
176
     1
 62
     0
420
3254779904
176
     1
 90
       50
176
     1
 90
        3
176
     1
 62
     5
420
3254780159
176
     1
290
     0
176
     1
 90
       50
176
     1
 90
       50
176
     1
 90
       50
176
     1
290
     0
176
     1
 90
       50
176
     1
 62
     0
176
     0
 40
1.0
176
     0
 90
        2
176
     1
  1
strokes_ogs.tif
176
     1
290
     0
176
     1
 40
1.0
176
     1
 40
1.0
176
     1
  0
VISUALSTYLE
  5
30
102
{ACAD_REACTORS
330
2A
102
}
330
2A
100
AcDbVisualStyle
  2
Wireframe
 70
     5
177
     2
291
     0
 70
    58
 90
        0
176
     1
 90
        2
176
     1
 90
        0
176
     1
 90
        0
176
     1
 40
0.6
176
     1
 40
30.0
176
     1
 62
     7
420
3271557119
176
     1
 90
        1
176
     1
 90
        4
176
     1
 62
     7
176
     1
 62
   257
176
     1
 90
        1
176
     1
 90
        1
176
     1
 40
1.0
176
     1
 90
        0
176
     1
 62
   257
176
     1
 40
1.0
176
     1
 90
        1
176
     1
 90
        6
176
     1
 90
        2
176
     1
 62
     7
176
     1
 90
        3
176
     1
 90
        0
176
     1
 90
        0
176
     1
290
     0
176
     1
 90
        1
176
     1
 40
0.0
176
     1
 90
        0
176
     1
290
     0
176
     1
290
     1
176
     1
290
     1
176
     1
290
     0
290
     0
176
     1
290
     0
290
     0
176
     1
290
     0
176
     1
290
     0
176
     1
 90
       50
176
     1
 40
0.0
176
     1
 40
1.0
176
     1
 90
        0
176
     1
 62
     0
420
3254779904
176
     1
 90
       50
176
     1
 90
        3
176
     1
 62
     5
420
3254780159
176
     1
290
     0
176
     1
 90
       50
176
     1
 90
       50
176
     1
 90
       50
176
     1
290
     0
176
     1
 90
       50
176
     1
 62
     0
176
     0
 40
1.0
176
     0
 90
        2
176
     1
  1
strokes_ogs.tif
176
     1
290
     0
176
     1
 40
1.0
176
     1
 40
1.0
176
     1
  0
VISUALSTYLE
  5
31
102
{ACAD_REACTORS
330
2A
102
}
330
2A
100
AcDbVisualStyle
  2
Hidden
 70
     6
177
     2
291
     0
 70
    58
 90
        1
176
     1
 90
        2
176
     1
 90
        2
176
     1
 90
        0
176
     1
 40
0.6
176
     1
 40
30.0
176
     1
 62
     7
420
3271557119
176
     1
 90
        2
176
     1
 90
        2
176
     1
 62
     7
176
     1
 62
   257
176
     1
 90
        2
176
     1
 90
        1
176
     1
 40
40.0
176
     1
 90
        0
176
     1
 62
   257
176
     1
 40
1.0
176
     1
 90
        1
176
     1
 90
        6
176
     1
 90
        2
176
     1
 62
     7
176
     1
 90
        3
176
     1
 90
        0
176
     1
 90
        0
176
     1
290
     0
176
     1
 90
        1
176
     1
 40
0.0
176
     1
 90
        0
176
     1
290
     0
176
     1
290
     1
176
     1
290
     1
176
     1
290
     0
290
     0
176
     1
290
     0
290
     0
176
     1
290
     0
176
     1
290
     0
176
     1
 90
       50
176
     1
 40
0.0
176
     1
 40
1.0
176
     1
 90
        0
176
     1
 62
     0
420
3254779904
176
     1
 90
       50
176
     1
 90
        3
176
     1
 62
     5
420
3254780159
176
     1
290
     0
176
     1
 90
       50
176
     1
 90
       50
176
     1
 90
       50
176
     1
290
     0
176
     1
 90
       50
176
     1
 62
     0
176
     0
 40
1.0
176
     0
 90
        2
176
     1
  1
strokes_ogs.tif
176
     1
290
     0
176
     1
 40
1.0
176
     1
 40
1.0
176
     1
  0
VISUALSTYLE
  5
32
102
{ACAD_REACTORS
330
2A
102
}
330
2A
100
AcDbVisualStyle
  2
Basic
 70
     7
177
     2
291
     1
 70
    58
 90
        1
176
     1
 90
        0
176
     1
 90
        1
176
     1
 90
        0
176
     1
 40
0.6
176
     1
 40
30.0
176
     1
 62
     7
420
3271557119
176
     1
 90
        0
176
     1
 90
        4
176
     1
 62
     7
176
     1
 62
   257
176
     1
 90
        1
176
     1
 90
        1
176
     1
 40
1.0
176
     1
 90
        8
176
     1
 62
     7
176
     1
 40
1.0
176
     1
 90
        1
176
     1
 90
        6
176
     1
 90
        2
176
     1
 62
     7
176
     1
 90
        5
176
     1
 90
        0
176
     1
 90
        0
176
     1
290
     0
176
     1
 90
        1
176
     1
 40
0.0
176
     1
 90
        0
176
     1
290
     0
176
     1
290
     1
176
     1
290
     1
176
     1
290
     0
290
     0
176
     1
290
     0
290
     0
176
     1
290
     0
176
     1
290
     0
176
     1
 90
       50
176
     1
 40
0.0
176
     1
 40
1.0
176
     1
 90
        0
176
     1
 62
     0
420
3254779904
176
     1
 90
       50
176
     1
 90
        3
176
     1
 62
     5
420
3254780159
176
     1
290
     0
176
     1
 90
       50
176
     1
 90
       50
176
     1
 90
       50
176
     1
290
     0
176
     1
 90
       50
176
     1
 62
     0
176
     0
 40
1.0
176
     0
 90
        2
176
     1
  1
strokes_ogs.tif
176
     1
290
     0
176
     1
 40
1.0
176
     1
 40
1.0
176
     1
  0
VISUALSTYLE
  5
33
102
{ACAD_REACTORS
330
2A
102
}
330
2A
100
AcDbVisualStyle
  2
Realistic
 70
     8
177
     2
291
     0
 70
    58
 90
        2
176
     1
 90
        3
176
     1
 90
        0
176
     1
 90
        2
176
     1
 40
0.6
176
     1
 40
30.0
176
     1
 62
     7
420
3271557119
176
     1
 90
        0
176
     1
 90
        0
176
     1
 62
     7
176
     1
 62
   257
176
     1
 90
        1
176
     1
 90
        1
176
     1
 40
1.0
176
     1
 90
        8
176
     1
 62
   257
176
     1
 40
1.0
176
     1
 90
        1
176
     1
 90
        6
176
     1
 90
        2
176
     1
 62
     7
176
     1
 90
        3
176
     1
 90
        0
176
     1
 90
        0
176
     1
290
     0
176
     1
 90
       13
176
     1
 40
0.0
176
     1
 90
        0
176
     1
290
     0
176
     1
290
     1
176
     1
290
     1
176
     1
290
     0
290
     0
176
     1
290
     0
290
     0
176
     1
290
     0
176
     1
290
     0
176
     1
 90
       50
176
     1
 40
0.0
176
     1
 40
1.0
176
     1
 90
        0
176
     1
 62
     0
420
3254779904
176
     1
 90
       50
176
     1
 90
        3
176
     1
 62
     5
420
3254780159
176
     1
290
     0
176
     1
 90
       50
176
     1
 90
       50
176
     1
 90
       50
176
     1
290
     0
176
     1
 90
       50
176
     1
 62
     0
176
     0
 40
1.0
176
     0
 90
        2
176
     1
  1
strokes_ogs.tif
176
     1
290
     0
176
     1
 40
1.0
176
     1
 40
1.0
176
     1
  0
VISUALSTYLE
  5
34
102
{ACAD_REACTORS
330
2A
102
}
330
2A
100
AcDbVisualStyle
  2
Conceptual
 70
     9
177
     2
291
     0
 70
    58
 90
        3
176
     1
 90
        2
176
     1
 90
        0
176
     1
 90
        0
176
     1
 40
0.6
176
     1
 40
30.0
176
     1
 62
     7
420
3271557119
176
     1
 90
        2
176
     1
 90
        2
176
     1
 62
     7
176
     1
 62
   257
176
     1
 90
        1
176
     1
 90
        1
176
     1
 40
179.0
176
     1
 90
        8
176
     1
 62
     7
176
     1
 40
1.0
176
     1
 90
        1
176
     1
 90
        6
176
     1
 90
        2
176
     1
 62
     7
176
     1
 90
        3
176
     1
 90
        0
176
     1
 90
        0
176
     1
290
     0
176
     1
 90
        1
176
     1
 40
0.0
176
     1
 90
        0
176
     1
290
     0
176
     1
290
     1
176
     1
290
     1
176
     1
290
     0
290
     0
176
     1
290
     0
290
     0
176
     1
290
     0
176
     1
290
     0
176
     1
 90
       50
176
     1
 40
0.0
176
     1
 40
1.0
176
     1
 90
        0
176
     1
 62
     0
420
3254779904
176
     1
 90
       50
176
     1
 90
        3
176
     1
 62
     5
420
3254780159
176
     1
290
     0
176
     1
 90
       50
176
     1
 90
       50
176
     1
 90
       50
176
     1
290
     0
176
     1
 90
       50
176
     1
 62
     0
176
     0
 40
1.0
176
     0
 90
        2
176
     1
  1
strokes_ogs.tif
176
     1
290
     0
176
     1
 40
1.0
176
     1
 40
1.0
176
     1
  0
VISUALSTYLE
  5
35
102
{ACAD_REACTORS
330
2A
102
}
330
2A
100
AcDbVisualStyle
  2
Dim
 70
    11
177
     2
291
     1
 70
    58
 90
        2
176
     1
 90
        2
176
     1
 90
        0
176
     1
 90
        0
176
     1
 40
0.6
176
     1
 40
30.0
176
     1
 62
     7
420
3271557119
176
     1
 90
        1
176
     1
 90
        4
176
     1
 62
     7
176
     1
 62
   257
176
     1
 90
        1
176
     1
 90
        1
176
     1
 40
1.0
176
     1
 90
        8
176
     1
 62
     7
176
     1
 40
1.0
176
     1
 90
        1
176
     1
 90
        6
176
     1
 90
        2
176
     1
 62
     7
176
     1
 90
        5
176
     1
 90
        0
176
     1
 90
        0
176
     1
290
     0
176
     1
 90
        1
176
     1
 40
-50.0
176
     1
 90
        0
176
     1
290
     0
176
     1
290
     1
176
     1
290
     1
176
     1
290
     0
290
     0
176
     1
290
     0
290
     0
176
     1
290
     0
176
     1
290
     0
176
     1
 90
       50
176
     1
 40
0.0
176
     1
 40
1.0
176
     1
 90
        0
176
     1
 62
     0
420
3254779904
176
     1
 90
       50
176
     1
 90
        3
176
     1
 62
     5
420
3254780159
176
     1
290
     0
176
     1
 90
       50
176
     1
 90
       50
176
     1
 90
       50
176
     1
290
     0
176
     1
 90
       50
176
     1
 62
     0
176
     0
 40
1.0
176
     0
 90
        2
176
     1
  1
strokes_ogs.tif
176
     1
290
     0
176
     1
 40
1.0
176
     1
 40
1.0
176
     1
  0
VISUALSTYLE
  5
36
102
{ACAD_REACTORS
330
2A
102
}
330
2A
100
AcDbVisualStyle
  2
Brighten
 70
    12
177
     2
291
     1
 70
    58
 90
        2
176
     1
 90
        2
176
     1
 90
        0
176
     1
 90
        0
176
     1
 40
0.6
176
     1
 40
30.0
176
     1
 62
     7
420
3271557119
176
     1
 90
        1
176
     1
 90
        4
176
     1
 62
     7
176
     1
 62
   257
176
     1
 90
        1
176
     1
 90
        1
176
     1
 40
1.0
176
     1
 90
        8
176
     1
 62
     7
176
     1
 40
1.0
176
     1
 90
        1
176
     1
 90
        6
176
     1
 90
        2
176
     1
 62
     7
176
     1
 90
        5
176
     1
 90
        0
176
     1
 90
        0
176
     1
290
     0
176
     1
 90
        1
176
     1
 40
50.0
176
     1
 90
        0
176
     1
290
     0
176
     1
290
     1
176
     1
290
     1
176
     1
290
     0
290
     0
176
     1
290
     0
290
     0
176
     1
290
     0
176
     1
290
     0
176
     1
 90
       50
176
     1
 40
0.0
176
     1
 40
1.0
176
     1
 90
        0
176
     1
 62
     0
420
3254779904
176
     1
 90
       50
176
     1
 90
        3
176
     1
 62
     5
420
3254780159
176
     1
290
     0
176
     1
 90
       50
176
     1
 90
       50
176
     1
 90
       50
176
     1
290
     0
176
     1
 90
       50
176
     1
 62
     0
176
     0
 40
1.0
176
     0
 90
        2
176
     1
  1
strokes_ogs.tif
176
     1
290
     0
176
     1
 40
1.0
176
     1
 40
1.0
176
     1
  0
VISUALSTYLE
  5
37
102
{ACAD_REACTORS
330
2A
102
}
330
2A
100
AcDbVisualStyle
  2
Thicken
 70
    13
177
     2
291
     1
 70
    58
 90
        2
176
     1
 90
        2
176
     1
 90
        0
176
     1
 90
        0
176
     1
 40
0.6
176
     1
 40
30.0
176
     1
 62
     7
420
3271557119
176
     1
 90
        1
176
     1
 90
        4
176
     1
 62
     7
176
     1
 62
   257
176
     1
 90
        1
176
     1
 90
        1
176
     1
 40
1.0
176
     1
 90
       12
176
     1
 62
     7
176
     1
 40
1.0
176
     1
 90
        1
176
     1
 90
        6
176
     1
 90
        2
176
     1
 62
     7
176
     1
 90
        5
176
     1
 90
        0
176
     1
 90
        0
176
     1
290
     0
176
     1
 90
        1
176
     1
 40
0.0
176
     1
 90
        0
176
     1
290
     0
176
     1
290
     1
176
     1
290
     1
176
     1
290
     0
290
     0
176
     1
290
     0
290
     0
176
     1
290
     0
176
     1
290
     0
176
     1
 90
       50
176
     1
 40
0.0
176
     1
 40
1.0
176
     1
 90
        0
176
     1
 62
     0
420
3254779904
176
     1
 90
       50
176
     1
 90
        3
176
     1
 62
     5
420
3254780159
176
     1
290
     0
176
     1
 90
       50
176
     1
 90
       50
176
     1
 90
       50
176
     1
290
     0
176
     1
 90
       50
176
     1
 62
     0
176
     0
 40
1.0
176
     0
 90
        2
176
     1
  1
strokes_ogs.tif
176
     1
290
     0
176
     1
 40
1.0
176
     1
 40
1.0
176
     1
  0
VISUALSTYLE
  5
38
102
{ACAD_REACTORS
330
2A
102
}
330
2A
100
AcDbVisualStyle
  2
Linepattern
 70
    14
177
     2
291
     1
 70
    58
 90
        2
176
     1
 90
        2
176
     1
 90
        0
176
     1
 90
        0
176
     1
 40
0.6
176
     1
 40
30.0
176
     1
 62
     7
420
3271557119
176
     1
 90
        1
176
     1
 90
        4
176
     1
 62
     7
176
     1
 62
   257
176
     1
 90
        7
176
     1
 90
        7
176
     1
 40
1.0
176
     1
 90
        8
176
     1
 62
     7
176
     1
 40
1.0
176
     1
 90
        1
176
     1
 90
        6
176
     1
 90
        2
176
     1
 62
     7
176
     1
 90
        5
176
     1
 90
        0
176
     1
 90
        0
176
     1
290
     0
176
     1
 90
        1
176
     1
 40
0.0
176
     1
 90
        0
176
     1
290
     0
176
     1
290
     1
176
     1
290
     1
176
     1
290
     0
290
     0
176
     1
290
     0
290
     0
176
     1
290
     0
176
     1
290
     0
176
     1
 90
       50
176
     1
 40
0.0
176
     1
 40
1.0
176
     1
 90
        0
176
     1
 62
     0
420
3254779904
176
     1
 90
       50
176
     1
 90
        3
176
     1
 62
     5
420
3254780159
176
     1
290
     0
176
     1
 90
       50
176
     1
 90
       50
176
     1
 90
       50
176
     1
290
     0
176
     1
 90
       50
176
     1
 62
     0
176
     0
 40
1.0
176
     0
 90
        2
176
     1
  1
strokes_ogs.tif
176
     1
290
     0
176
     1
 40
1.0
176
     1
 40
1.0
176
     1
  0
VISUALSTYLE
  5
39
102
{ACAD_REACTORS
330
2A
102
}
330
2A
100
AcDbVisualStyle
  2
Facepattern
 70
    15
177
     2
291
     1
 70
    58
 90
        2
176
     1
 90
        2
176
     1
 90
        0
176
     1
 90
        0
176
     1
 40
0.6
176
     1
 40
30.0
176
     1
 62
     7
420
3271557119
176
     1
 90
        1
176
     1
 90
        4
176
     1
 62
     7
176
     1
 62
   257
176
     1
 90
        1
176
     1
 90
        1
176
     1
 40
1.0
176
     1
 90
        8
176
     1
 62
     7
176
     1
 40
1.0
176
     1
 90
        1
176
     1
 90
        6
176
     1
 90
        2
176
     1
 62
     7
176
     1
 90
        5
176
     1
 90
        0
176
     1
 90
        0
176
     1
290
     0
176
     1
 90
        1
176
     1
 40
0.0
176
     1
 90
        0
176
     1
290
     0
176
     1
290
     1
176
     1
290
     1
176
     1
290
     0
290
     0
176
     1
290
     0
290
     0
176
     1
290
     0
176
     1
290
     0
176
     1
 90
       50
176
     1
 40
0.0
176
     1
 40
1.0
176
     1
 90
        0
176
     1
 62
     0
420
3254779904
176
     1
 90
       50
176
     1
 90
        3
176
     1
 62
     5
420
3254780159
176
     1
290
     0
176
     1
 90
       50
176
     1
 90
       50
176
     1
 90
       50
176
     1
290
     0
176
     1
 90
       50
176
     1
 62
     0
176
     0
 40
1.0
176
     0
 90
        2
176
     1
  1
strokes_ogs.tif
176
     1
290
     0
176
     1
 40
1.0
176
     1
 40
1.0
176
     1
  0
VISUALSTYLE
  5
3A
102
{ACAD_REACTORS
330
2A
102
}
330
2A
100
AcDbVisualStyle
  2
ColorChange
 70
    16
177
     2
291
     1
 70
    58
 90
        2
176
     1
 90
        2
176
     1
 90
        3
176
     1
 90
        0
176
     1
 40
0.6
176
     1
 40
30.0
176
     1
 62
     9
420
3263201408
176
     1
 90
        1
176
     1
 90
        4
176
     1
 62
     7
176
     1
 62
   257
176
     1
 90
        1
176
     1
 90
        1
176
     1
 40
1.0
176
     1
 90
        8
176
     1
 62
     9
420
3263201408
176
     1
 40
1.0
176
     1
 90
        1
176
     1
 90
        6
176
     1
 90
        2
176
     1
 62
     7
176
     1
 90
        5
176
     1
 90
        0
176
     1
 90
        0
176
     1
290
     0
176
     1
 90
        1
176
     1
 40
0.0
176
     1
 90
        0
176
     1
290
     0
176
     1
290
     1
176
     1
290
     1
176
     1
290
     0
290
     0
176
     1
290
     0
290
     0
176
     1
290
     0
176
     1
290
     0
176
     1
 90
       50
176
     1
 40
0.0
176
     1
 40
1.0
176
     1
 90
        0
176
     1
 62
     0
420
3254779904
176
     1
 90
       50
176
     1
 90
        3
176
     1
 62
     5
420
3254780159
176
     1
290
     0
176
     1
 90
       50
176
     1
 90
       50
176
     1
 90
       50
176
     1
290
     0
176
     1
 90
       50
176
     1
 62
     0
176
     0
 40
1.0
176
     0
 90
        2
176
     1
  1
strokes_ogs.tif
176
     1
290
     0
176
     1
 40
1.0
176
     1
 40
1.0
176
     1
  0
VISUALSTYLE
  5
3B
102
{ACAD_REACTORS
330
2A
102
}
330
2A
100
AcDbVisualStyle
  2
JitterOff
 70
    20
177
     2
291
     1
 70
    58
 90
        2
176
     0
 90
        2
176
     0
 90
        0
176
     0
 90
        0
176
     0
 40
0.6
176
     0
 40
30.0
176
     0
 62
     7
420
3271557119
176
     0
 90
        1
176
     0
 90
        4
176
     0
 62
     7
176
     0
 62
   257
176
     0
 90
        1
176
     0
 90
        1
176
     0
 40
1.0
176
     0
 90
       10
176
     2
 62
     7
176
     0
 40
1.0
176
     0
 90
        1
176
     0
 90
        6
176
     0
 90
        2
176
     0
 62
     7
176
     0
 90
        5
176
     0
 90
        0
176
     0
 90
        0
176
     0
290
     0
176
     0
 90
        1
176
     0
 40
0.0
176
     0
 90
        0
176
     0
290
     0
176
     0
290
     1
176
     0
290
     1
176
     0
290
     0
290
     0
176
     0
290
     0
290
     0
176
     0
290
     0
176
     0
290
     0
176
     0
 90
       50
176
     0
 40
0.0
176
     0
 40
1.0
176
     0
 90
        0
176
     0
 62
     0
420
3254779904
176
     0
 90
       50
176
     0
 90
        3
176
     0
 62
     5
420
3254780159
176
     0
290
     0
176
     0
 90
       50
176
     0
 90
       50
176
     0
 90
       50
176
     0
290
     0
176
     0
 90
       50
176
     0
 62
     0
176
     0
 40
1.0
176
     0
 90
        2
176
     0
  1
strokes_ogs.tif
176
     0
290
     0
176
     0
 40
1.0
176
     0
 40
1.0
176
     0
  0
VISUALSTYLE
  5
3C
102
{ACAD_REACTORS
330
2A
102
}
330
2A
100
AcDbVisualStyle
  2
OverhangOff
 70
    21
177
     2
291
     1
 70
    58
 90
        2
176
     0
 90
        2
176
     0
 90
        0
176
     0
 90
        0
176
     0
 40
0.6
176
     0
 40
30.0
176
     0
 62
     7
420
3271557119
176
     0
 90
        1
176
     0
 90
        4
176
     0
 62
     7
176
     0
 62
   257
176
     0
 90
        1
176
     0
 90
        1
176
     0
 40
1.0
176
     0
 90
        9
176
     2
 62
     7
176
     0
 40
1.0
176
     0
 90
        1
176
     0
 90
        6
176
     0
 90
        2
176
     0
 62
     7
176
     0
 90
        5
176
     0
 90
        0
176
     0
 90
        0
176
     0
290
     0
176
     0
 90
        1
176
     0
 40
0.0
176
     0
 90
        0
176
     0
290
     0
176
     0
290
     1
176
     0
290
     1
176
     0
290
     0
290
     0
176
     0
290
     0
290
     0
176
     0
290
     0
176
     0
290
     0
176
     0
 90
       50
176
     0
 40
0.0
176
     0
 40
1.0
176
     0
 90
        0
176
     0
 62
     0
420
3254779904
176
     0
 90
       50
176
     0
 90
        3
176
     0
 62
     5
420
3254780159
176
     0
290
     0
176
     0
 90
       50
176
     0
 90
       50
176
     0
 90
       50
176
     0
290
     0
176
     0
 90
       50
176
     0
 62
     0
176
     0
 40
1.0
176
     0
 90
        2
176
     0
  1
strokes_ogs.tif
176
     0
290
     0
176
     0
 40
1.0
176
     0
 40
1.0
176
     0
  0
VISUALSTYLE
  5
3D
102
{ACAD_REACTORS
330
2A
102
}
330
2A
100
AcDbVisualStyle
  2
EdgeColorOff
 70
    22
177
     2
291
     1
 70
    58
 90
        2
176
     0
 90
        2
176
     0
 90
        0
176
     0
 90
        0
176
     0
 40
0.6
176
     0
 40
30.0
176
     0
 62
     7
420
3271557119
176
     0
 90
        1
176
     0
 90
        4
176
     0
 62
     7
176
     0
 62
   257
176
     0
 90
        1
176
     0
 90
        1
176
     0
 40
1.0
176
     0
 90
        8
176
     2
 62
     7
176
     0
 40
1.0
176
     0
 90
        1
176
     0
 90
        6
176
     0
 90
        2
176
     0
 62
     7
176
     0
 90
        5
176
     0
 90
        0
176
     0
 90
        0
176
     0
290
     0
176
     0
 90
        1
176
     0
 40
0.0
176
     0
 90
        0
176
     0
290
     0
176
     0
290
     1
176
     0
290
     1
176
     0
290
     0
290
     0
176
     0
290
     0
290
     0
176
     0
290
     0
176
     0
290
     0
176
     0
 90
       50
176
     0
 40
0.0
176
     0
 40
1.0
176
     0
 90
        0
176
     0
 62
     0
420
3254779904
176
     0
 90
       50
176
     0
 90
        3
176
     0
 62
     5
420
3254780159
176
     0
290
     0
176
     0
 90
       50
176
     0
 90
       50
176
     0
 90
       50
176
     0
290
     0
176
     0
 90
       50
176
     0
 62
     0
176
     0
 40
1.0
176
     0
 90
        2
176
     0
  1
strokes_ogs.tif
176
     0
290
     0
176
     0
 40
1.0
176
     0
 40
1.0
176
     0
  0
VISUALSTYLE
  5
3E
102
{ACAD_REACTORS
330
2A
102
}
330
2A
100
AcDbVisualStyle
  2
Shades of Gray
 70
    23
177
     2
291
     0
 70
    58
 90
        2
176
     1
 90
        2
176
     1
 90
        3
176
     1
 90
        0
176
     1
 40
0.6
176
     1
 40
30.0
176
     1
 62
     7
420
3271557119
176
     1
 90
        2
176
     1
 90
        2
176
     1
 62
     7
176
     1
 62
     7
176
     1
 90
        1
176
     1
 90
        1
176
     1
 40
40.0
176
     1
 90
        8
176
     1
 62
     7
176
     1
 40
1.0
176
     1
 90
        1
176
     1
 90
        6
176
     1
 90
        2
176
     1
 62
     7
176
     1
 90
        3
176
     1
 90
        0
176
     1
 90
        0
176
     1
290
     0
176
     1
 90
        1
176
     1
 40
0.0
176
     1
 90
        0
176
     1
290
     0
176
     1
290
     1
176
     1
290
     1
176
     1
290
     0
290
     0
176
     1
290
     0
290
     0
176
     1
290
     0
176
     1
290
     0
176
     1
 90
       50
176
     1
 40
0.0
176
     1
 40
1.0
176
     1
 90
        0
176
     1
 62
     0
420
3254779904
176
     1
 90
       50
176
     1
 90
        3
176
     1
 62
     5
420
3254780159
176
     1
290
     0
176
     1
 90
       50
176
     1
 90
       50
176
     1
 90
       50
176
     1
290
     0
176
     1
 90
       50
176
     1
 62
     0
176
     0
 40
1.0
176
     0
 90
        2
176
     1
  1
strokes_ogs.tif
176
     1
290
     0
176
     1
 40
1.0
176
     1
 40
1.0
176
     1
  0
VISUALSTYLE
  5
3F
102
{ACAD_REACTORS
330
2A
102
}
330
2A
100
AcDbVisualStyle
  2
Sketchy
 70
    24
177
     2
291
     0
 70
    58
 90
        1
176
     1
 90
        2
176
     1
 90
        2
176
     1
 90
        0
176
     1
 40
0.6
176
     1
 40
30.0
176
     1
 62
     7
420
3271557119
176
     1
 90
        2
176
     1
 90
        2
176
     1
 62
     7
176
     1
 62
     7
176
     1
 90
        1
176
     1
 90
        1
176
     1
 40
40.0
176
     1
 90
       11
176
     1
 62
     7
176
     1
 40
1.0
176
     1
 90
        1
176
     1
 90
        6
176
     1
 90
        2
176
     1
 62
     7
176
     1
 90
        6
176
     1
 90
        0
176
     1
 90
        0
176
     1
290
     0
176
     1
 90
        1
176
     1
 40
0.0
176
     1
 90
        0
176
     1
290
     0
176
     1
290
     1
176
     1
290
     1
176
     1
290
     0
290
     0
176
     1
290
     0
290
     0
176
     1
290
     0
176
     1
290
     0
176
     1
 90
       50
176
     1
 40
0.0
176
     1
 40
1.0
176
     1
 90
        0
176
     1
 62
     0
420
3254779904
176
     1
 90
       50
176
     1
 90
        3
176
     1
 62
     5
420
3254780159
176
     1
290
     0
176
     1
 90
       50
176
     1
 90
       50
176
     1
 90
       50
176
     1
290
     0
176
     1
 90
       50
176
     1
 62
     0
176
     0
 40
1.0
176
     0
 90
        2
176
     1
  1
strokes_ogs.tif
176
     1
290
     0
176
     1
 40
1.0
176
     1
 40
1.0
176
     1
  0
VISUALSTYLE
  5
40
102
{ACAD_REACTORS
330
2A
102
}
330
2A
100
AcDbVisualStyle
  2
X-Ray
 70
    25
177
     2
291
     0
 70
    58
 90
        2
176
     1
 90
        2
176
     1
 90
        1
176
     1
 90
        1
176
     1
 40
0.5
176
     1
 40
30.0
176
     1
 62
     7
420
3271557119
176
     1
 90
        1
176
     1
 90
        0
176
     1
 62
     7
176
     1
 62
   257
176
     1
 90
        1
176
     1
 90
        1
176
     1
 40
1.0
176
     1
 90
        8
176
     1
 62
     7
176
     1
 40
1.0
176
     1
 90
        1
176
     1
 90
        6
176
     1
 90
        2
176
     1
 62
     7
176
     1
 90
        3
176
     1
 90
        0
176
     1
 90
        0
176
     1
290
     0
176
     1
 90
       13
176
     1
 40
0.0
176
     1
 90
        0
176
     1
290
     0
176
     1
290
     1
176
     1
290
     1
176
     1
290
     0
290
     0
176
     1
290
     0
290
     0
176
     1
290
     0
176
     1
290
     0
176
     1
 90
       50
176
     1
 40
0.0
176
     1
 40
1.0
176
     1
 90
        0
176
     1
 62
     0
420
3254779904
176
     1
 90
       50
176
     1
 90
        3
176
     1
 62
     5
420
3254780159
176
     1
290
     0
176
     1
 90
       50
176
     1
 90
       50
176
     1
 90
       50
176
     1
290
     0
176
     1
 90
       50
176
     1
 62
     0
176
     0
 40
1.0
176
     0
 90
        2
176
     1
  1
strokes_ogs.tif
176
     1
290
     0
176
     1
 40
1.0
176
     1
 40
1.0
176
     1
  0
VISUALSTYLE
  5
41
102
{ACAD_REACTORS
330
2A
102
}
330
2A
100
AcDbVisualStyle
  2
Shaded with edges
 70
    26
177
     2
291
     0
 70
    58
 90
        2
176
     1
 90
        2
176
     1
 90
        1
176
     1
 90
        2
176
     1
 40
0.6
176
     1
 40
30.0
176
     1
 62
     7
420
3271557119
176
     1
 90
        1
176
     1
 90
       10
176
     1
 62
     7
176
     1
 62
   257
176
     1
 90
        2
176
     1
 90
        1
176
     1
 40
1.0
176
     1
 90
        8
176
     1
 62
   257
176
     1
 40
1.0
176
     1
 90
        1
176
     1
 90
        6
176
     1
 90
        2
176
     1
 62
     7
176
     1
 90
        3
176
     1
 90
        0
176
     1
 90
        0
176
     1
290
     0
176
     1
 90
        5
176
     1
 40
0.0
176
     1
 90
        0
176
     1
290
     0
176
     1
290
     1
176
     1
290
     1
176
     1
290
     0
290
     0
176
     1
290
     0
290
     0
176
     1
290
     0
176
     1
290
     0
176
     1
 90
       50
176
     1
 40
0.0
176
     1
 40
1.0
176
     1
 90
        0
176
     1
 62
     0
420
3254779904
176
     1
 90
       50
176
     1
 90
        3
176
     1
 62
     5
420
3254780159
176
     1
290
     0
176
     1
 90
       50
176
     1
 90
       50
176
     1
 90
       50
176
     1
290
     0
176
     1
 90
       50
176
     1
 62
     0
176
     0
 40
1.0
176
     0
 90
        2
176
     1
  1
strokes_ogs.tif
176
     1
290
     0
176
     1
 40
1.0
176
     1
 40
1.0
176
     1
  0
VISUALSTYLE
  5
42
102
{ACAD_REACTORS
330
2A
102
}
330
2A
100
AcDbVisualStyle
  2
Shaded
 70
    27
177
     2
291
     0
 70
    58
 90
        2
176
     1
 90
        2
176
     1
 90
        1
176
     1
 90
        2
176
     1
 40
0.6
176
     1
 40
30.0
176
     1
 62
     7
420
3271557119
176
     1
 90
        0
176
     1
 90
        4
176
     1
 62
     7
176
     1
 62
   257
176
     1
 90
        1
176
     1
 90
        1
176
     1
 40
1.0
176
     1
 90
        8
176
     1
 62
   257
176
     1
 40
1.0
176
     1
 90
        1
176
     1
 90
        6
176
     1
 90
        2
176
     1
 62
   256
420
3262675064
176
     1
 90
        3
176
     1
 90
        0
176
     1
 90
        0
176
     1
290
     0
176
     1
 90
        5
176
     1
 40
0.0
176
     1
 90
        0
176
     1
290
     0
176
     1
290
     1
176
     1
290
     1
176
     1
290
     0
290
     0
176
     1
290
     0
290
     0
176
     1
290
     0
176
     1
290
     0
176
     1
 90
       50
176
     1
 40
0.0
176
     1
 40
1.0
176
     1
 90
        0
176
     1
 62
     0
420
3254779904
176
     1
 90
       50
176
     1
 90
        3
176
     1
 62
     5
420
3254780159
176
     1
290
     0
176
     1
 90
       50
176
     1
 90
       50
176
     1
 90
       50
176
     1
290
     0
176
     1
 90
       50
176
     1
 62
     0
176
     0
 40
1.0
176
     0
 90
        2
176
     1
  1
strokes_ogs.tif
176
     1
290
     0
176
     1
 40
1.0
176
     1
 40
1.0
176
     1
  0
DICTIONARY
  5
43
102
{ACAD_REACTORS
330
C
102
}
330
C
100
AcDbDictionary
281
     1
  3
ByBlock
350
45
  3
ByLayer
350
44
  3
Global
350
46
  0
DICTIONARY
  5
47
102
{ACAD_REACTORS
330
C
102
}
330
C
100
AcDbDictionary
281
     1
  3
A0
350
48
  3
A1
350
49
  3
A2
350
4A
  3
A3
350
4B
  3
A4
350
4C
  3
A5
350
4D
  3
A6
350
4E
  3
A7
350
4F
  3
A8
350
50
  3
A9
350
51
  3
B1
350
52
  3
B2
350
53
  3
B3
350
54
  3
B4
350
55
  3
B5
350
56
  3
B6
350
57
  3
B7
350
58
  0
SCALE
  5
48
102
{ACAD_REACTORS
330
47
102
}
330
47
100
AcDbScale
 70
     0
300
1:1
140
1.0
141
1.0
290
     1
  0
SCALE
  5
49
102
{ACAD_REACTORS
330
47
102
}
330
47
100
AcDbScale
 70
     0
300
1/128" = 1'-0"
140
0.0078125
141
12.0
290
     0
  0
SCALE
  5
4A
102
{ACAD_REACTORS
330
47
102
}
330
47
100
AcDbScale
 70
     0
300
1/64" = 1'-0"
140
0.015625
141
12.0
290
     0
  0
SCALE
  5
4B
102
{ACAD_REACTORS
330
47
102
}
330
47
100
AcDbScale
 70
     0
300
1/32" = 1'-0"
140
0.03125
141
12.0
290
     0
  0
SCALE
  5
4C
102
{ACAD_REACTORS
330
47
102
}
330
47
100
AcDbScale
 70
     0
300
1/16" = 1'-0"
140
0.0625
141
12.0
290
     0
  0
SCALE
  5
4D
102
{ACAD_REACTORS
330
47
102
}
330
47
100
AcDbScale
 70
     0
300
3/32" = 1'-0"
140
0.09375
141
12.0
290
     0
  0
SCALE
  5
4E
102
{ACAD_REACTORS
330
47
102
}
330
47
100
AcDbScale
 70
     0
300
1/8" = 1'-0"
140
0.125
141
12.0
290
     0
  0
SCALE
  5
4F
102
{ACAD_REACTORS
330
47
102
}
330
47
100
AcDbScale
 70
     0
300
3/16" = 1'-0"
140
0.1875
141
12.0
290
     0
  0
SCALE
  5
50
102
{ACAD_REACTORS
330
47
102
}
330
47
100
AcDbScale
 70
     0
300
1/4" = 1'-0"
140
0.25
141
12.0
290
     0
  0
SCALE
  5
51
102
{ACAD_REACTORS
330
47
102
}
330
47
100
AcDbScale
 70
     0
300
3/8" = 1'-0"
140
0.375
141
12.0
290
     0
  0
SCALE
  5
52
102
{ACAD_REACTORS
330
47
102
}
330
47
100
AcDbScale
 70
     0
300
1/2" = 1'-0"
140
0.5
141
12.0
290
     0
  0
SCALE
  5
53
102
{ACAD_REACTORS
330
47
102
}
330
47
100
AcDbScale
 70
     0
300
3/4" = 1'-0"
140
0.75
141
12.0
290
     0
  0
SCALE
  5
54
102
{ACAD_REACTORS
330
47
102
}
330
47
100
AcDbScale
 70
     0
300
1" = 1'-0"
140
1.0
141
12.0
290
     0
  0
SCALE
  5
55
102
{ACAD_REACTORS
330
47
102
}
330
47
100
AcDbScale
 70
     0
300
1-1/2" = 1'-0"
140
1.5
141
12.0
290
     0
  0
SCALE
  5
56
102
{ACAD_REACTORS
330
47
102
}
330
47
100
AcDbScale
 70
     0
300
3" = 1'-0"
140
3.0
141
12.0
290
     0
  0
SCALE
  5
57
102
{ACAD_REACTORS
330
47
102
}
330
47
100
AcDbScale
 70
     0
300
6" = 1'-0"
140
6.0
141
12.0
290
     0
  0
SCALE
  5
58
102
{ACAD_REACTORS
330
47
102
}
330
47
100
AcDbScale
 70
     0
300
1'-0" = 1'-0"
140
12.0
141
12.0
290
     0
  0
DICTIONARY
  5
59
102
{ACAD_REACTORS
330
C
102
}
330
C
100
AcDbDictionary
281
     1
  3
Standard
350
5A
  0
TABLESTYLE
  5
5A
102
{ACAD_XDICTIONARY
360
AF
102
}
102
{ACAD_REACTORS
330
59
102
}
330
59
100
AcDbTableStyle
 70
     0
  3
Standard
  1
TABLEFORMAT_BEGIN
 90
        5
170
     1
 91
        0
 92
        0
 62
   257
 93
        1
300
CONTENTFORMAT
  1
CONTENTFORMAT_BEGIN
 90
        0
 91
        0
 92
      512
 93
        0
300

 40
0.0
140
1.0
 94
        1
 62
     0
340
0
144
0.18
309
CONTENTFORMAT_END
171
     1
301
MARGIN
  1
CELLMARGIN_BEGIN
 40
0.06
 40
0.06
 40
0.06
 40
0.06
 40
0.18
 40
0.18
309
CELLMARGIN_END
 94
        0
309
TABLEFORMAT_END
  1
CELLSTYLE_BEGIN
 90
        4
 91
        2
300
Table
309
CELLSTYLE_END
  1
TABLEFORMAT_BEGIN
 90
        5
170
     1
 91
        0
 92
    32768
 62
   257
 93
        1
300
CONTENTFORMAT
  1
CONTENTFORMAT_BEGIN
 90
        0
 91
        0
 92
        4
 93
        0
300

 40
0.0
140
1.0
 94
        5
 62
     0
340
11
144
0.25
309
CONTENTFORMAT_END
171
     1
301
MARGIN
  1
CELLMARGIN_BEGIN
 40
0.06
 40
0.06
 40
0.06
 40
0.06
 40
0.06
 40
0.06
309
CELLMARGIN_END
 94
        6
 95
        1
302
GRIDFORMAT
  1
GRIDFORMAT_BEGIN
 90
        0
 91
        1
 62
     0
 92
       -2
340
14
 93
        0
 40
0.045
309
GRIDFORMAT_END
 95
        2
302
GRIDFORMAT
  1
GRIDFORMAT_BEGIN
 90
        0
 91
        1
 62
     0
 92
       -2
340
14
 93
        0
 40
0.045
309
GRIDFORMAT_END
 95
        4
302
GRIDFORMAT
  1
GRIDFORMAT_BEGIN
 90
        0
 91
        1
 62
     0
 92
       -2
340
14
 93
        0
 40
0.045
309
GRIDFORMAT_END
 95
        8
302
GRIDFORMAT
  1
GRIDFORMAT_BEGIN
 90
        0
 91
        1
 62
     0
 92
       -2
340
14
 93
        0
 40
0.045
309
GRIDFORMAT_END
 95
       16
302
GRIDFORMAT
  1
GRIDFORMAT_BEGIN
 90
        0
 91
        1
 62
     0
 92
       -2
340
14
 93
        0
 40
0.045
309
GRIDFORMAT_END
 95
       32
302
GRIDFORMAT
  1
GRIDFORMAT_BEGIN
 90
        0
 91
        1
 62
     0
 92
       -2
340
14
 93
        0
 40
0.045
309
GRIDFORMAT_END
309
TABLEFORMAT_END
  1
CELLSTYLE_BEGIN
 90
        1
 91
        1
300
_TITLE
309
CELLSTYLE_END
  0
DICTIONARY
  5
5B
102
{ACAD_REACTORS
330
C
102
}
330
C
100
AcDbDictionary
281
     1
  3
Standard
350
5C
  0
MLEADERSTYLE
  5
5C
102
{ACAD_REACTORS
330
5B
102
}
330
5B
100
AcDbMLeaderStyle
179
     2
170
     2
171
     1
172
     0
 90
        2
 40
0.0
 41
0.0
173
     1
 91
-1056964608
340
14
 92
       -2
290
     1
 42
0.09
291
     1
 43
0.36
  3
Standard
341
0
 44
0.18
300

342
11
174
     1
178
     6
175
     1
176
     0
 93
-1056964608
 45
0.18
292
     0
297
     0
 46
0.18
343
0
 94
-1056964608
 47
1.0
 49
1.0
140
1.0
293
     1
141
0.0
294
     1
177
     0
142
1.0
295
     0
296
     0
143
0.125
271
     0
273
     9
272
     9
298
     0
  0
SUN
  5
5D
330
29
100
AcDbSun
 90
        1
290
     0
 63
     7
421
3271557119
 40
1.0
291
     1
 91
  2455826
 92
 54000000
292
     0
 70
     2
 71
   256
280
     1
  0
DICTIONARY
  5
7C
102
{ACAD_REACTORS
330
C
102
}
330
C
100
AcDbDictionary
281
     1
  3
CANNOSCALE
350
7D
  3
CMLEADERSTYLE
350
B6
  3
CTABLESTYLE
350
B5
  3
CVIEWDETAILSTYLE
350
27E
  3
CVIEWSECTIONSTYLE
350
27F
  3
LAYEREVAL
350
280
  3
LAYERNOTIFY
350
281
  0
DICTIONARYVAR
  5
7D
102
{ACAD_REACTORS
330
7C
102
}
330
7C
100
DictionaryVariables
280
     0
  1
1:1
  0
DICTIONARY
  5
AF
330
5A
100
AcDbDictionary
280
     1
281
     1
  0
DICTIONARYVAR
  5
B5
102
{ACAD_REACTORS
330
7C
102
}
330
7C
100
DictionaryVariables
280
     0
  1
STANDARD
  0
DICTIONARYVAR
  5
B6
102
{ACAD_REACTORS
330
7C
102
}
330
7C
100
DictionaryVariables
280
     0
  1
STANDARD
  0
DICTIONARY
  5
B7
102
{ACAD_REACTORS
330
C
102
}
330
C
100
AcDbDictionary
281
     1
  3
Imperial24
350
BD
  0
DICTIONARY
  5
B8
102
{ACAD_REACTORS
330
C
102
}
330
C
100
AcDbDictionary
281
     1
  3
Imperial24
350
BC
  0
DICTIONARY
  5
BA
102
{ACAD_REACTORS
330
C
102
}
330
C
100
AcDbDictionary
281
     1
  0
ACDBSECTIONVIEWSTYLE
  5
BC
102
{ACAD_REACTORS
330
B8
102
}
330
B8
100
AcDbModelDocViewStyle
 70
     0
  3
Imperial24
290
     1
100
AcDbSectionViewStyle
 70
     0
 71
     0
 90
       78
 71
     1
340
11
 62
     0
 40
0.24
340
0
340
0
 62
     0
 40
0.24
300
I, O, Q, S, X, Z
 40
0.48
 90
        3
 40
0.18
 90
        1
 71
     2
340
BB
 90
       25
 62
     0
340
16
 90
       50
 62
     0
 40
0.24
 40
0.0
 40
0.24
 71
     3
340
11
 62
     0
 40
0.24
 90
        1
 40
0.75
 90
        1
300
%<\AcVar ViewType \f "%tc1">% %<\AcVar ViewSectionStartId>%-%<\AcVar ViewSectionEndId>%\PSCALE %<\AcVar ViewScale \f "%sn">%
 71
     4
 62
     0
 62
   257
300
ANSI31
 40
1.0
 90
        0
290
     0
290
     0
 90
        6
 40
0.0
 40
1.570796326794897
 40
0.2617993877991494
 40
1.308996938995747
 40
-0.2617993877991494
 40
1.832595714594046
  0
ACDBDETAILVIEWSTYLE
  5
BD
102
{ACAD_REACTORS
330
B7
102
}
330
B7
100
AcDbModelDocViewStyle
 70
     0
  3
Imperial24
290
     1
100
AcDbDetailViewStyle
 70
     0
 71
     0
 90
        3
 71
     1
340
11
 62
     0
 40
0.24
340
0
 62
     0
 40
0.24
300

 40
0.36
280
     3
 71
     2
340
16
 90
       25
 62
     0
 71
     3
340
11
 62
     0
 40
0.24
 90
        1
 40
0.75
 90
        1
300
%<\AcVar ViewType \f "%tc1">% %<\AcVar ViewDetailId>%\PSCALE %<\AcVar ViewScale \f "%sn">%
 71
     4
340
16
 90
       25
 62
     0
340
16
 90
       25
 62
     0
280
     0
  0
XRECORD
  5
C2
102
{ACAD_REACTORS
330
C
102
}
330
C
100
AcDbXrecord
280
     1
300
ACD
300
2013
300
ACD_F_S
  0
DICTIONARY
  5
214
330
2
100
AcDbDictionary
280
     1
281
     1
  3
ACAD_LAYERSTATES
360
215
  0
DICTIONARY
  5
215
102
{ACAD_REACTORS
330
214
102
}
330
214
100
AcDbDictionary
281
     1
  0
DICTIONARY
  5
23C
330
1F
100
AcDbDictionary
280
     1
281
     1
  3
ACAD_SORTENTS
360
23D
  0
SORTENTSTABLE
  5
23D
102
{ACAD_REACTORS
330
23C
102
}
330
23C
100
AcDbSortentsTable
331
271
  5
271
331
272
  5
272
331
273
  5
273
  0
DICTIONARY
  5
27A
330
10
100
AcDbDictionary
280
     1
281
     1
  3
ADSK_XREC_LAYER_RECONCILED
360
27B
  0
XRECORD
  5
27B
102
{ACAD_REACTORS
330
27A
102
}
330
27A
100
AcDbXrecord
280
     1
290
     1
  0
DICTIONARY
  5
27C
330
67
100
AcDbDictionary
280
     1
281
     1
  3
ADSK_XREC_LAYER_RECONCILED
360
27D
  0
XRECORD
  5
27D
102
{ACAD_REACTORS
330
27C
102
}
330
27C
100
AcDbXrecord
280
     1
290
     1
  0
DICTIONARYVAR
  5
27E
102
{ACAD_REACTORS
330
7C
102
}
330
7C
100
DictionaryVariables
280
     0
  1
Imperial24
  0
DICTIONARYVAR
  5
27F
102
{ACAD_REACTORS
330
7C
102
}
330
7C
100
DictionaryVariables
280
     0
  1
Imperial24
  0
DICTIONARYVAR
  5
280
102
{ACAD_REACTORS
330
7C
102
}
330
7C
100
DictionaryVariables
280
     0
  1
1
  0
DICTIONARYVAR
  5
281
102
{ACAD_REACTORS
330
7C
102
}
330
7C
100
DictionaryVariables
280
     0
  1
15
  0
ENDSEC
  0
SECTION
  2
THUMBNAILIMAGE
 90
     1480
310
C40500000201E701000050000000063702000061050000000000000000000000000000000000000000000000000000000000000000000000000000000000000000000000000000000000000000000000000000000000000000000000000000000000000000000089504E470D0A1A0A0000000D49484452000001000000005D
310
08030000007DCB48C900000300504C5445212830000000C8C8C80000000000000000000000000000000000000000000000000000330000660000990000CC0000FF0033000033330033660033990033CC0033FF0066000066330066660066990066CC0066FF0099000099330099660099990099CC0099FF00CC0000CC3300CC
310
6600CC9900CCCC00CCFF00FF0000FF3300FF6600FF9900FFCC00FFFF3300003300333300663300993300CC3300FF3333003333333333663333993333CC3333FF3366003366333366663366993366CC3366FF3399003399333399663399993399CC3399FF33CC0033CC3333CC6633CC9933CCCC33CCFF33FF0033FF3333FF66
310
33FF9933FFCC33FFFF6600006600336600666600996600CC6600FF6633006633336633666633996633CC6633FF6666006666336666666666996666CC6666FF6699006699336699666699996699CC6699FF66CC0066CC3366CC6666CC9966CCCC66CCFF66FF0066FF3366FF6666FF9966FFCC66FFFF99000099003399006699
310
00999900CC9900FF9933009933339933669933999933CC9933FF9966009966339966669966999966CC9966FF9999009999339999669999999999CC9999FF99CC0099CC3399CC6699CC9999CCCC99CCFF99FF0099FF3399FF6699FF9999FFCC99FFFFCC0000CC0033CC0066CC0099CC00CCCC00FFCC3300CC3333CC3366CC33
310
99CC33CCCC33FFCC6600CC6633CC6666CC6699CC66CCCC66FFCC9900CC9933CC9966CC9999CC99CCCC99FFCCCC00CCCC33CCCC66CCCC99CCCCCCCCCCFFCCFF00CCFF33CCFF66CCFF99CCFFCCCCFFFFFF0000FF0033FF0066FF0099FF00CCFF00FFFF3300FF3333FF3366FF3399FF33CCFF33FFFF6600FF6633FF6666FF6699
310
FF66CCFF66FFFF9900FF9933FF9966FF9999FF99CCFF99FFFFCC00FFCC33FFCC66FFCC99FFCCCCFFCCFFFFFF00FFFF33FFFF66FFFF99FFFFCCFFFFFF0000000D0D0D1A1A1A2828283535354343435050505D5D5D6B6B6B787878868686939393A1A1A1AEAEAEBBBBBBC9C9C9D6D6D6E4E4E4F1F1F1FFFFFF00000000000000
310
0000000000000000000000000000000000000000000000B21171F60000021C4944415478DAED9C4196C3200C43B9FFA1742BEFA7493B0428100CEFCD1BA4B0E826D9E8C716861A4278C633FE7298A9EB3F873C01F1344000B4F51F3F1007702080A627249F1E100720190165EE43CD0D2A721304FCD150FFDC11812A809809
310
FC9ED049780933E86B7C21306900AFE70669FDE93A81D20C30F4C2DB10190160F88DC30D7800C4A90D0E424C15E22F0038438486C12C80AC44D4B1C0D662697F47C0EC1BB14A560570D4477199608AFACF47D200186683D500900640510E3C1950D4455F9EA61300920010E6016CABDF1E07F068E00390D66C920130E46FDC
310
004E8FB3B1C53C9F05A6CD30F75B3BC416F8D909BA41005AFD216E857511C05F1E6D38070203CBFD1C005B15DC42400DA0DCEAD6728050EB8919D7C9D02ED06F89D10270C9C911743683F70780C6F74C11705940C7C6F3471702505960A1B21B1D609C031C003E08B802C0AB01A02E0230B06560102A82EA7B26F52050C880
310
465D2008C0531D525960A740D60370213051FD43D5212D80C20EF502A0B04365002C0D924B1A18BA849B0D01F7DADEC7098902C00760EFF88FF266016467A76C5F00935F313B2DB22B80F89FF0A271DAAE2930DA1A4F96FCCB72084F0D4256BEB909B01E16846CF47B08701F19BE6F0EA23F310D6DF981FE1CC402019DCB43
310
EA6D31288B47A920C8EF4D210590F543E4AB9B76D7002B804CB24AF2373A0564AF5183FC2D72F2F70886A07E93A4F890BF4BF40160A67DA9AE3C807F3A7E006CFE9BB8D08899110000000049454E44AE426082
  0
ENDSEC
  0
EOF
